Area,Location,No_of_Bedrooms,New_Resale,Gymnasium,Lift_Available,Car_Parking,Maintenance_Staff,_24x7_Security,Childrens_Play_Area,Clubhouse,Intercom,Landscaped_Gardens,Indoor_Games,Gas_Connection,Jogging_Track,Swimming_Pool,PRICE
1100,Ulwe,2.0,0,1,1,1,0.0,1,1,1,1,1,0,0,1,1,9000000
1160,Sector 10,2.0,0,0,0,1,1.0,1,0,0,0,0,0,0,0,0,11000000
980,Dahisar,2.0,0,0,1,1,1.0,1,0,0,0,0,0,0,0,0,29000000
740,Thane West,1.0,0,1,1,1,0.0,1,1,1,1,0,1,0,1,1,6800000
3025,Andheri,4.0,1,1,1,1,1.0,1,1,1,1,1,1,0,1,1,65300000
1050,Dattapada,2.0,0,0,1,1,1.0,1,0,0,0,0,0,0,0,0,15000000
350,Jankalyan Nagar,1.0,0,0,1,1,1.0,0,0,0,0,1,0,0,0,0,2900000
800,Kharghar,2.0,0,0,0,1,1.0,1,0,0,0,0,0,0,0,0,8000000
1069,Dahisar,2.0,0,0,0,1,1.0,1,0,0,0,0,0,0,0,0,18000000
1470,Sector-18 Ulwe,3.0,0,0,1,1,1.0,1,0,0,0,0,0,0,0,0,11000000
560,Kharghar,1.0,0,1,1,1,1.0,1,1,1,1,1,1,1,1,1,4800000
400,Dombivali East,1.0,1,0,0,0,0.0,0,0,0,0,0,0,0,0,0,2100000
1005,Chembur,2.0,1,1,1,1,0.0,1,1,1,1,1,1,0,1,1,9500000
1415,Kharghar,3.0,0,1,1,1,1.0,1,1,1,1,1,1,0,1,1,12000000
1149,Kasar vadavali,3.0,0,1,1,0,0.0,1,0,1,0,1,0,0,0,1,7300000
300,Kandivali East,1.0,1,0,0,0,0.0,0,0,0,0,0,0,0,0,0,2500000
1500,Kharghar,3.0,0,1,1,1,1.0,1,0,1,1,0,0,0,1,1,13500000
2600,Malad East,3.0,1,1,1,1,1.0,1,1,1,1,1,1,0,1,1,43500000
1450,Manpada,3.0,0,1,1,1,1.0,1,0,0,0,0,0,0,0,0,15000000
640,Kharghar,1.0,0,0,0,1,1.0,1,0,0,0,0,0,0,0,0,5500000
600,Sector 22 Kamothe,1.0,0,0,0,1,1.0,1,0,0,0,0,0,0,0,0,4800000
650,Shakti Nagar,2.0,0,0,1,1,1.0,1,0,0,0,0,0,0,0,0,7500000
1650,Magathane,3.0,0,0,1,1,1.0,1,0,0,0,0,0,0,0,0,27000000
275,Thane,1.0,0,1,1,1,1.0,1,0,1,0,0,0,0,0,0,5300000
600,Off Nepean Sea Road,2.0,0,0,1,1,1.0,1,0,0,0,1,0,0,0,0,40000000
937,Goregaon East,3.0,0,0,1,1,1.0,1,0,0,1,0,0,0,0,0,7200000
724,Thane West,2.0,1,1,1,1,0.0,1,1,1,1,1,1,0,1,1,8900000
1400,CBD Belapur East,3.0,0,1,1,1,0.0,0,0,0,0,0,0,0,0,1,20000000
1000,Kamothe,2.0,0,0,0,1,1.0,1,0,0,0,0,0,0,0,0,7900000
510,Goregaon West,1.0,0,0,0,0,0.0,0,0,0,0,0,0,0,0,0,12000000
675,Kharghar,1.0,0,0,0,1,1.0,1,0,0,0,0,0,0,0,0,6500000
525,Mumbai Central,1.0,0,1,1,1,1.0,1,0,0,0,0,0,0,0,0,2800000
1650,Magathane,3.0,0,0,1,1,1.0,1,0,0,0,0,0,0,0,0,28000000
488,Kalwa,1.0,0,0,0,1,1.0,1,0,0,0,0,0,0,0,0,6656000
1055,Mira Road East,2.0,1,1,1,1,0.0,1,1,0,0,1,0,0,1,1,8100000
1120,Ulwe,2.0,0,1,0,1,1.0,1,0,0,0,0,0,0,0,1,6500000
970,Malad West,2.0,0,1,0,1,1.0,1,1,0,1,1,1,0,0,1,16000000
800,Pali Hill,2.0,0,0,0,0,0.0,1,1,0,1,0,0,1,0,1,35000000
600,Kandivali West,1.0,0,1,1,1,0.0,1,1,1,1,1,0,0,1,1,8800000
634,Ambernath West,1.0,1,1,1,1,0.0,1,1,1,0,1,0,0,0,0,2374000
420,Virar East,1.0,1,0,0,0,0.0,0,0,0,0,0,0,0,0,0,2000000
860,Kharghar,1.0,0,0,0,1,1.0,1,0,0,0,0,0,0,0,0,7200000
1500,Borivali East,3.0,0,1,1,1,0.0,1,1,1,1,1,1,1,1,1,23000000
550,Four Bunglows,1.0,0,0,0,1,0.0,1,0,0,0,0,0,0,0,0,13000000
820,Kandivali East,2.0,0,0,1,1,1.0,1,0,0,0,0,0,0,0,0,18600000
630,Ghatkopar West,2.0,0,0,1,1,1.0,1,0,0,0,0,0,0,0,0,18000000
550,Thane West,1.0,0,1,1,1,1.0,1,1,1,1,1,1,1,1,1,5700000
413,Kalyan West,1.0,0,0,1,1,1.0,0,0,0,0,1,0,0,0,0,3979999
759,Kharghar,1.0,0,1,1,1,1.0,1,1,1,1,1,0,0,1,1,6000000
1300,Borivali West,2.0,1,1,1,1,0.0,1,1,1,1,1,0,0,1,1,22000000
650,Kharghar,1.0,0,1,1,1,1.0,1,1,1,1,0,0,0,1,1,6700000
1135,Thane West,2.0,1,1,1,1,0.0,1,1,1,0,1,0,0,1,1,11100000
630,Kamothe,1.0,0,0,0,1,1.0,1,0,0,0,0,0,0,0,0,5200000
650,Chembur,1.0,0,1,1,1,1.0,1,0,0,0,0,0,0,0,0,13000000
400,Navi Basti,1.0,0,0,0,0,0.0,0,0,0,0,0,0,0,0,0,2600000
700,Mira Road and Beyond,2.0,0,1,0,1,1.0,1,0,1,0,0,0,0,0,0,4200000
690,Dronagiri,1.0,1,0,1,1,1.0,1,0,0,0,1,0,1,1,0,4200000
1052,Rawal Pada,2.0,0,1,1,1,1.0,1,0,1,0,0,0,0,0,0,18500000
1200,Lower Parel,2.0,0,0,1,1,0.0,1,0,0,0,1,0,0,0,1,42000000
660,Kamothe Sector 16,1.0,0,1,1,1,1.0,1,0,0,0,0,0,0,0,0,6200000
660,Kalyan West,2.0,0,0,1,1,1.0,0,0,0,0,1,0,0,0,0,7500000
1155,Borivali,3.0,1,1,1,1,0.0,1,1,1,1,1,1,0,1,1,20500000
2665,Goregaon West,3.0,0,1,1,1,0.0,1,1,1,0,1,1,1,1,1,62500000
600,Malad West,1.0,0,0,1,1,0.0,1,0,0,0,0,0,0,0,0,11000000
900,Kharghar,2.0,0,1,1,1,1.0,1,1,1,1,1,0,1,1,1,8000000
990,PARSIK NAGAR,2.0,0,1,0,1,1.0,1,0,0,0,0,0,0,0,0,9000000
1150,Dahisar,2.0,1,1,1,1,0.0,1,1,0,1,0,0,0,1,1,12100000
1151,Koparkhairane Station Road,2.0,0,1,1,1,1.0,1,0,1,0,0,0,0,0,0,12500000
500,Naigaon East,1.0,0,1,1,1,0.0,1,0,0,0,1,0,0,0,1,2200000
400,Shirgaon,1.0,0,0,1,1,1.0,0,0,0,0,1,0,0,0,0,2200000
1225,Shiv Sagar Estate,3.0,0,0,1,1,1.0,0,0,0,0,1,0,0,0,0,55000000
1256,Sector 20 Kamothe,2.0,0,1,1,1,1.0,1,0,0,0,0,0,0,0,0,8300000
1040,Kharghar,2.0,0,1,1,1,1.0,1,1,0,1,1,0,1,1,0,7900000
698,Wadala East Wadala,1.0,0,1,1,1,1.0,1,0,0,0,0,0,0,0,0,14900000
509,Thane West,1.0,0,1,1,1,1.0,1,0,1,1,0,0,0,1,1,6400000
1240,Kharghar,2.0,0,1,1,1,1.0,1,1,1,1,1,1,0,1,1,9400000
2800,Central Avenue,4.0,0,1,1,1,1.0,1,0,0,0,0,0,0,0,0,50100000
650,Roadpali,1.0,0,1,1,1,1.0,1,0,0,0,0,0,0,0,0,3850000
440,Bandra East,1.0,0,0,0,1,0.0,0,1,0,0,0,0,1,0,0,11000000
885,Shilphata Road Thane,2.0,0,1,1,1,0.0,1,0,0,0,0,0,0,0,0,6000000
1717,Goregaon,3.0,1,1,1,1,0.0,1,1,1,1,1,0,0,1,1,30500000
650,Sector 12 Kharghar,1.0,0,0,1,0,1.0,1,0,0,0,0,0,0,0,0,5000000
950,Kulupwadi,2.0,0,0,1,1,1.0,1,0,0,0,0,0,0,0,0,14500000
617,Chembur,1.0,0,1,1,1,1.0,1,1,1,0,1,1,0,1,1,12000000
1150,Rajendra Nagar,3.0,0,0,1,1,1.0,1,0,0,0,0,0,0,0,0,19000000
1230,Sector 17 Ulwe,2.0,0,1,1,1,1.0,1,0,0,0,0,0,0,0,0,11000000
1150,Rajendra Nagar,3.0,0,0,0,1,1.0,1,0,0,0,0,0,0,0,0,19000000
890,Sector 17 Ulwe,2.0,0,1,1,1,1.0,1,0,1,0,0,0,0,0,0,7400000
1400,CBD Belapur East,3.0,0,1,1,1,0.0,0,0,0,0,0,0,0,0,1,19500000
550,Vivek Vidyalaya Marg,1.0,0,0,0,0,0.0,0,0,0,0,0,0,1,0,0,11000000
1500,Breach Candy,2.0,0,0,0,1,1.0,1,0,0,1,0,0,1,0,0,80000000
900,Khar West,2.0,0,0,1,1,1.0,1,0,0,1,0,0,1,0,0,31000000
570,Virar West,1.0,0,1,1,1,1.0,1,0,0,0,0,0,0,0,0,3500000
400,Ghansoli,1.0,0,0,1,1,1.0,1,0,0,0,0,0,0,0,0,3700000
989,Kharghar,2.0,0,1,1,1,1.0,1,1,1,1,1,0,0,1,1,6800000
340,Kandivali East,1.0,0,1,1,1,1.0,1,0,1,0,0,0,0,0,0,3750000
650,Kharghar,1.0,0,1,1,1,0.0,1,1,1,1,0,0,0,1,1,4800000
1356,Andheri East,3.0,0,1,1,1,1.0,1,1,1,1,1,1,0,1,1,31500000
680,Wadala East Wadala,1.0,0,1,1,1,1.0,1,0,0,0,0,0,0,0,0,15500000
950,Jogeshwari West,2.0,0,0,1,1,0.0,1,0,0,0,1,0,0,0,0,16000000
495,Kasheli,1.0,1,0,1,1,0.0,1,1,0,0,0,0,0,0,0,2110000
600,Sector 36 Kamothe,1.0,0,0,1,1,1.0,0,0,0,0,1,0,0,0,0,4800000
750,Malad West,1.0,1,1,1,1,1.0,1,1,1,1,1,1,0,1,1,9300000
900,Thane,2.0,1,1,1,1,1.0,1,1,1,1,1,1,1,1,1,3500000
1150,Kharghar,2.0,0,1,1,1,0.0,1,1,1,0,1,1,0,1,1,11600000
450,Dombivali,1.0,0,0,1,1,0.0,1,0,0,0,1,0,1,0,1,3600000
1150,Chembur East,2.0,0,1,1,1,1.0,1,0,0,0,0,0,0,0,0,19000000
1630,Kharghar,3.0,0,0,1,1,1.0,1,0,0,1,0,0,0,0,0,13000000
1150,Sector 17 Ulwe,2.0,0,1,1,1,1.0,1,0,0,0,0,0,0,0,0,9200000
1210,Kolshet Road,2.0,0,1,1,1,1.0,1,0,1,0,1,0,1,0,0,12000000
650,Magathane,1.0,0,0,1,1,1.0,1,0,0,0,0,0,0,0,0,10500000
1055,Sector 19 Kharghar,2.0,0,1,1,1,1.0,1,0,0,0,0,0,0,0,0,7200000
1310,Kamothe,2.0,0,0,0,1,1.0,1,0,0,0,0,0,0,0,0,9300000
3400,Phase 2,4.0,0,0,0,1,1.0,1,0,0,0,0,0,0,0,0,35500000
660,Kharghar,1.0,0,1,1,1,1.0,1,0,1,1,1,0,1,1,1,5500000
400,Chembur Shell Colony,1.0,0,1,1,1,1.0,1,0,0,0,0,0,0,0,0,9200000
700,Thane West,1.0,1,1,1,1,1.0,1,1,1,1,1,1,0,1,1,7100000
650,Andheri,1.0,0,1,1,1,1.0,1,0,0,0,0,0,0,0,0,17500000
1480,Andheri,3.0,0,0,1,1,1.0,1,0,1,0,1,0,0,0,0,30000000
619,Kamothe,1.0,0,1,1,1,1.0,1,0,0,0,0,0,0,0,0,5425000
1585,Sector 6,3.0,0,1,1,0,0.0,0,0,0,0,1,0,0,0,1,11900000
2415,Sector-9 Ghansoli,4.0,0,0,1,1,1.0,1,0,0,0,0,0,0,0,0,32500000
768,Pokhran 2,2.0,0,0,0,1,1.0,1,0,0,0,0,0,0,0,0,13200000
3300,Oshiwara Police Station Road,4.0,1,1,1,1,0.0,1,0,1,1,1,0,1,1,1,100000000
802,Bhiwandi,2.0,1,1,1,1,1.0,1,1,1,1,1,1,0,1,1,5600000
580,Sector-6A Kamothe,1.0,0,0,0,1,1.0,1,0,0,0,0,0,0,0,0,3600000
1600,Kharghar,3.0,1,1,1,1,1.0,1,0,1,1,1,1,0,1,1,14000000
1550,Chembur East,3.0,0,1,1,1,1.0,1,0,0,0,0,0,0,0,0,32100000
860,Kandivali East,2.0,1,1,1,1,1.0,1,1,1,1,1,1,0,1,1,16500000
1150,Magathane,2.0,0,0,1,1,1.0,1,0,0,0,0,0,0,0,0,20500000
1150,Kharghar,2.0,0,1,1,1,1.0,1,1,1,1,1,0,0,1,1,10500000
725,Navi Basti,1.0,0,1,0,0,0.0,0,0,1,0,1,0,0,0,1,4713000
1540,Mira Road East,3.0,0,1,1,1,0.0,1,1,1,0,1,0,0,1,1,34000000
427,Owale,1.0,0,1,1,1,1.0,1,0,1,1,1,0,1,1,1,5100000
1690,Ulwe,3.0,0,1,0,1,1.0,1,0,0,0,0,0,0,0,1,6500000
400,Airoli,1.0,0,0,1,1,1.0,1,0,0,0,0,0,0,0,0,6200000
1070,Dronagiri,2.0,0,1,1,1,1.0,1,1,1,1,1,1,1,1,1,5200000
1706,Mahalaxmi,3.0,0,1,1,1,0.0,1,1,1,1,1,1,0,1,1,75000000
700,Mira Road East,1.0,1,1,1,1,1.0,0,1,0,0,0,0,0,0,0,4760000
670,Kamothe,1.0,0,1,1,1,1.0,1,0,0,0,0,0,0,0,0,5700000
400,Kandivali East,1.0,0,1,1,1,0.0,1,1,1,1,1,0,1,1,1,6400000
254,Mira Road East,1.0,0,0,1,0,0.0,1,0,0,0,0,0,0,0,0,2300000
1015,Mira Road East,2.0,1,0,1,1,1.0,1,1,0,0,0,0,0,0,0,6500000
2000,Kharghar,3.0,1,1,1,1,0.0,1,1,1,0,1,1,0,1,1,15500000
1396,Kamothe,3.0,0,1,1,1,1.0,1,1,0,1,1,1,0,0,1,90000000
648,Ulwe,1.0,0,1,0,1,1.0,1,0,0,0,0,0,0,0,1,4700000
1810,Thane West,3.0,1,1,1,1,0.0,1,1,1,0,1,1,1,1,1,19400000
620,Chembur,1.0,0,1,1,1,1.0,1,0,0,0,0,0,0,0,0,9200000
880,Marol,2.0,0,0,1,1,1.0,1,1,0,0,0,0,0,0,0,19700000
646,Kharghar,1.0,0,0,1,1,1.0,1,0,0,1,0,0,0,0,0,4200000
1400,Chembur East,3.0,0,0,1,1,1.0,1,0,0,0,0,0,0,0,0,33000000
690,Kharghar,1.0,0,1,1,1,1.0,1,1,1,1,1,0,0,1,1,4700000
550,Kharghar,1.0,0,0,1,1,1.0,1,0,0,0,0,0,0,0,0,5000000
340,Goregaon,1.0,0,0,1,1,1.0,1,0,0,0,0,0,0,0,0,8000000
400,Kandivali East,1.0,0,0,0,0,0.0,0,0,0,0,0,0,1,0,0,6100000
1064,Taloja,2.0,0,0,0,1,1.0,1,0,0,0,0,0,0,0,0,5800000
670,Kharghar,1.0,0,1,1,1,1.0,1,0,1,0,1,0,0,1,1,5500000
750,Mira Road East,1.0,0,1,0,0,1.0,0,0,0,1,0,1,0,1,0,5994000
625,Karanjade,1.0,1,0,1,1,0.0,1,0,0,0,1,0,0,0,0,3300000
2285,Worli,3.0,0,1,1,1,1.0,1,1,1,1,1,1,0,1,1,105500000
1290,Sector 18 Kharghar,2.0,0,1,1,1,0.0,1,0,0,0,1,0,0,0,1,13000000
846,Thane West,2.0,1,1,1,0,0.0,1,1,1,0,0,0,1,1,0,8100000
1014,Kandivali East,3.0,0,0,1,1,1.0,1,0,0,0,0,0,0,0,0,26400000
650,Kharghar,1.0,0,1,1,1,1.0,1,1,1,0,1,0,0,0,1,4300000
550,Thane West,1.0,1,0,0,1,0.0,1,0,0,0,0,0,0,0,0,4900000
1250,Magathane,2.0,0,0,1,1,1.0,1,0,0,0,0,0,0,0,0,21000000
1210,Kharghar,2.0,1,1,1,1,0.0,1,1,1,1,1,1,0,1,1,9500000
1685,Kharghar,3.0,0,1,1,1,1.0,1,1,1,0,1,1,1,1,1,15000000
700,Taloja,1.0,0,0,0,1,1.0,1,0,0,0,0,0,0,0,0,3500000
1050,Magathane,2.0,0,0,0,1,1.0,1,0,0,0,0,0,0,0,0,17000000
605,Naigaon East,1.0,0,1,1,1,1.0,1,1,1,1,1,0,0,1,1,3000000
1267,Belapur,3.0,0,1,1,1,0.0,1,1,1,1,1,1,0,1,1,19000000
1155,Dronagiri,2.0,1,0,1,1,1.0,1,1,0,0,1,0,1,1,0,5000000
450,Kharegaon,1.0,0,0,1,1,1.0,1,0,0,0,0,0,0,0,0,2200000
850,Nala Sopara,2.0,1,1,1,1,0.0,1,1,0,1,1,1,0,1,1,3594000
1550,Chembur,3.0,0,1,1,1,1.0,1,0,0,0,0,0,0,0,0,31000000
900,Borivali West,2.0,0,0,1,1,1.0,1,1,0,1,0,0,1,0,0,16299999
1100,Sainath Nagar,2.0,0,0,1,1,1.0,1,0,0,0,0,0,0,0,0,12800000
1109,Kamothe,2.0,0,1,0,1,1.0,0,0,0,0,0,0,0,0,0,8000000
1100,Thakur Village,2.0,0,0,1,1,1.0,1,0,0,0,0,0,0,0,0,15500000
1230,Dahisar,3.0,0,0,1,1,1.0,1,0,0,0,0,0,0,0,0,26000000
599,Sector 17 Ulwe,1.0,0,1,1,1,1.0,0,0,0,0,0,0,0,0,0,4500000
600,Kharghar,1.0,0,0,0,1,1.0,1,0,0,0,0,0,0,0,0,4600000
510,Kharghar,1.0,0,0,0,1,1.0,1,0,0,0,1,0,0,0,0,3850000
1100,Kopar Khairane Sector 19A,2.0,0,1,1,1,1.0,1,0,1,0,0,0,0,0,0,10000000
1800,Khar West,4.0,0,0,1,1,0.0,0,0,0,0,0,0,1,0,0,70000000
1735,Sector9 Kamothe,3.0,0,1,1,1,1.0,1,0,0,0,0,0,0,0,0,15000000
3585,Goregaon West,4.0,1,1,1,1,1.0,1,0,1,1,1,1,0,1,1,60100000
1450,Mumbai Highway,3.0,0,1,1,1,1.0,1,0,0,0,1,0,0,0,0,11500000
1300,link road borivali west,2.0,0,0,0,1,0.0,0,0,0,0,0,0,1,0,0,23500000
1106,Girgaon,3.0,0,1,1,1,1.0,1,1,1,1,1,1,0,0,1,85000000
1135,Sector-9 Ulwe,2.0,0,1,1,1,1.0,1,0,0,0,0,0,0,0,1,8725000
700,Antop Hill,1.0,0,1,1,1,1.0,1,0,0,0,0,0,0,0,0,12000000
670,Kharghar,1.0,0,1,1,1,1.0,1,0,1,0,1,0,1,1,1,5300000
450,gokuldham,1.0,0,0,1,1,1.0,1,0,0,0,0,0,0,0,0,8500000
1482,Kharghar,3.0,1,1,1,1,0.0,1,1,1,0,1,0,0,1,1,13300000
1136,Sector 5,2.0,0,0,0,1,1.0,1,0,0,0,0,0,0,0,0,10500000
560,Sector 15 Kharghar,1.0,0,0,0,1,1.0,1,0,0,0,0,0,0,0,0,6000000
640,Sector35D Kharghar,1.0,0,0,0,1,1.0,1,0,0,0,0,0,0,0,0,4200000
650,Magathane,1.0,0,0,1,1,1.0,1,0,0,0,0,0,0,0,0,9600000
1350,Sector 17 Ulwe,2.0,0,1,0,1,1.0,1,0,1,0,0,0,0,0,0,16000000
1100,Sector 20 Kharghar,2.0,0,0,0,1,1.0,1,0,0,0,0,0,0,0,0,11000000
650,Sector 20 Kharghar,1.0,0,0,1,1,1.0,1,0,0,0,0,0,0,0,0,6000000
642,Badlapur,1.0,1,0,1,1,0.0,1,1,0,1,1,1,0,1,0,2534000
1100,Chembur,2.0,0,1,1,1,1.0,1,0,0,0,0,0,0,0,0,19900000
539,Borivali West,1.0,0,1,1,1,0.0,1,0,1,0,0,0,1,0,0,9900000
1550,Taloja,3.0,0,1,1,1,0.0,0,0,0,1,0,0,0,0,1,6400000
1258,Kamothe,2.0,0,1,0,1,1.0,1,0,0,0,0,0,0,0,0,8500000
619,Sector 21 Kamothe,1.0,0,1,1,1,1.0,1,0,0,0,0,0,0,0,0,5500000
650,Magathane,1.0,0,0,1,1,1.0,1,0,0,0,0,0,0,0,0,10000000
1850,Kharghar,3.0,0,1,1,1,1.0,1,0,0,0,0,0,0,0,0,16200000
1150,Kharghar,2.0,0,1,1,1,0.0,1,1,1,0,1,1,0,1,1,13000000
693,Mira Road East,1.0,1,1,1,1,0.0,1,1,1,1,1,1,0,1,1,4500000
800,Rajendra Nagar,2.0,0,0,0,1,0.0,0,0,0,0,0,0,0,0,0,17000000
1350,4 Bunglows,2.0,0,0,1,1,1.0,1,0,0,0,0,0,0,0,0,25000000
985,Taloja,2.0,0,0,0,1,1.0,1,0,0,0,0,0,0,0,0,4900000
650,Kharghar,1.0,0,0,0,1,1.0,1,0,0,0,0,0,0,0,0,5000000
1900,Sector 58A Seawoods Navi Mumbai,4.0,0,0,1,1,1.0,1,0,0,0,0,0,0,0,0,53000000
650,Kharghar,1.0,0,0,1,1,1.0,1,0,0,1,1,0,0,1,0,5500000
2703,Nerul,4.0,0,1,1,1,1.0,1,1,1,1,1,1,0,1,1,52500000
1376,Napeansea Road,3.0,0,1,1,1,1.0,1,1,1,1,1,1,0,0,1,86500000
1050,Magathane,2.0,0,0,1,1,1.0,1,0,0,0,0,0,0,0,0,16500000
1960,Mulund West,3.0,0,1,1,1,1.0,1,1,1,1,1,1,0,1,1,29000000
590,Dombivli (West),2.0,0,0,0,1,0.0,1,1,0,0,0,0,0,0,0,3500000
900,Ulwe,2.0,1,1,1,1,1.0,1,1,1,1,1,1,1,1,0,8800000
305,Shivaji Colony,1.0,0,0,1,1,1.0,1,0,0,0,0,0,0,0,0,4400000
665,Dronagiri,1.0,1,0,1,1,0.0,1,1,0,0,0,0,0,0,0,3650000
620,Badlapur West,1.0,1,1,1,1,0.0,1,0,0,0,0,0,0,0,0,2077000
1412,Mulund,3.0,0,1,1,1,0.0,0,0,1,1,1,1,1,0,0,21200000
800,Majiwada,2.0,0,0,1,1,1.0,1,0,0,0,0,0,0,0,0,7300000
575,Badlapur,1.0,1,0,1,1,0.0,1,0,0,1,0,0,0,0,0,2005000
700,Kopar Khairane Sector 19A,2.0,0,1,1,1,1.0,1,0,1,0,0,0,0,0,0,7500000
310,Kharghar,1.0,0,0,0,0,1.0,1,0,0,0,0,0,0,0,0,2300000
600,Thane,2.0,0,1,1,1,1.0,1,0,1,0,0,0,0,0,0,5300000
1012,Kamothe,2.0,0,0,0,1,1.0,1,0,0,0,0,0,0,0,0,7000000
600,Kalyan West,2.0,0,0,1,1,1.0,1,0,0,0,0,0,0,0,0,4400000
1500,Kandivali West,3.0,1,1,1,1,1.0,1,1,1,1,1,1,0,1,1,18000000
685,Ulwe,2.0,0,1,0,1,1.0,1,0,0,0,0,0,0,0,1,5200000
800,Kondivita Road,1.0,0,0,1,1,1.0,1,0,0,0,0,0,0,0,0,11500000
680,Kharghar,1.0,0,1,1,1,1.0,1,0,1,0,0,0,0,1,1,4500000
1417,Mira Road and Beyond,3.0,0,1,1,1,1.0,1,0,1,0,0,0,0,0,0,9800000
2394,Thane West,4.0,1,1,1,1,1.0,1,1,1,1,1,1,1,1,1,25000000
950,Thane West,2.0,0,1,1,1,1.0,1,1,1,1,1,0,0,0,1,12000000
2000,Kharghar,3.0,1,1,1,1,1.0,1,1,1,1,1,1,0,1,1,22000000
900,Vakola,2.0,1,0,1,1,1.0,1,0,0,0,0,0,0,0,0,21700000
605,Nala Sopara,1.0,1,1,1,1,0.0,1,1,0,1,1,1,0,1,1,2580000
850,Kharghar,2.0,0,0,0,1,1.0,1,0,0,0,0,0,0,0,0,7500000
630,Kharghar,1.0,0,1,1,1,1.0,1,0,1,0,0,0,0,1,0,4200000
3200,worli sea Fase,5.0,0,0,1,1,1.0,0,0,0,0,1,0,0,0,0,153600000
1040,Goregaon East,2.0,0,1,1,1,1.0,1,1,1,1,1,1,1,1,1,20200000
693,Ulwe,1.0,0,0,0,1,1.0,1,0,0,0,0,0,0,0,1,6200000
555,Kamothe,1.0,0,1,1,1,1.0,1,1,0,0,1,0,0,1,1,4200000
650,Sector 20 Kharghar,1.0,0,0,0,1,1.0,1,0,0,0,0,0,0,0,0,6500000
555,Kharghar,1.0,0,0,1,1,1.0,1,0,0,0,0,0,0,0,0,6000000
1302,Sector 11 Kharghar,3.0,0,1,1,1,0.0,1,0,0,0,1,0,0,0,1,12000000
1903,Thane West,4.0,0,1,1,1,0.0,1,1,0,0,1,1,0,0,1,175000000
730,Nala Sopara,1.0,1,0,1,1,1.0,1,1,0,1,1,0,0,0,0,3700000
1108,Bhiwandi,3.0,1,1,1,1,1.0,1,1,1,1,1,1,0,1,1,8100000
655,Kharghar,1.0,0,0,1,1,1.0,1,0,0,0,0,0,0,0,0,4900000
1235,Ulwe,2.0,0,1,0,1,1.0,1,0,0,0,0,0,0,0,1,8000000
1174,Tardeo,2.0,0,1,1,1,1.0,1,1,1,1,1,1,1,0,1,46000000
675,Kamothe,2.0,0,1,0,1,1.0,1,0,1,0,0,0,0,0,0,5050000
676,Kharghar,1.0,0,1,1,1,1.0,1,0,1,1,1,0,1,1,1,5500000
1500,Gulmohar Road,3.0,0,1,1,1,0.0,1,0,0,0,1,0,0,0,0,65000000
1760,Kharghar,3.0,0,1,1,1,1.0,1,1,1,0,0,0,1,1,1,17500000
1125,Kamothe,2.0,0,1,1,1,1.0,1,0,0,0,0,0,0,0,0,7700000
600,Sector 21 Kamothe,1.0,0,0,0,1,1.0,1,0,0,0,0,0,0,0,0,4000000
1550,Kharghar,3.0,0,0,1,1,1.0,1,0,0,1,1,0,1,0,0,12500000
1080,Sector 20 Kharghar,2.0,0,1,1,1,1.0,1,0,0,0,0,0,0,0,0,7400000
1003,Kamothe,2.0,0,1,1,1,1.0,1,0,0,0,0,0,0,0,0,7000000
571,Badlapur,1.0,1,0,1,1,0.0,1,1,0,1,0,1,0,0,0,2164000
550,Hiranandani Meadows,1.0,0,1,0,1,1.0,1,0,0,0,0,0,0,0,1,4500000
1141,Bandra East,3.0,1,0,0,0,0.0,0,0,0,0,0,0,0,0,1,72000000
547,Ghodbunder Road,1.0,1,0,1,1,0.0,1,0,0,1,0,0,0,0,0,5400000
675,Vichumbe,1.0,1,0,0,0,0.0,0,0,0,0,0,0,0,0,0,4050000
5245,Thane West,5.0,1,1,1,1,0.0,0,1,1,1,1,1,1,1,1,90000000
1165,Agripada,4.0,0,1,1,1,0.0,1,1,1,0,1,1,0,1,1,62500000
1125,Parel,2.0,0,1,1,1,0.0,1,1,1,0,1,1,0,1,1,55000000
600,Kamothe,1.0,0,0,0,1,1.0,1,0,0,0,0,0,0,0,0,4925000
620,Ulwe,1.0,1,1,1,1,1.0,1,1,1,1,1,1,1,1,0,5400000
1200,Vasant Vihar,3.0,0,1,1,1,1.0,1,0,1,0,1,0,1,0,0,15400000
710,Naigaon East,2.0,0,1,1,1,0.0,1,1,1,1,1,0,0,1,1,4500000
1463,Kharghar,2.0,0,0,0,1,1.0,1,0,0,0,0,0,0,0,0,10000000
2415,Kandivali East,4.0,1,1,1,1,0.0,1,0,1,0,0,0,0,1,1,30500000
1250,Sector 19 Kharghar,2.0,0,1,0,1,1.0,1,0,0,0,0,0,0,0,0,8100000
1500,Kharghar,3.0,0,1,1,1,0.0,1,1,1,0,0,1,0,1,1,16500000
566,Dahisar East,1.0,1,1,1,1,0.0,1,1,0,1,0,0,0,0,0,6500000
1475,Sector 36 Kharghar,3.0,0,0,1,1,1.0,1,0,0,0,0,0,0,0,0,8900000
578,Sector 20 Kamothe,1.0,0,0,0,1,1.0,1,0,0,0,0,0,0,0,0,5000000
1014,Malad West,2.0,1,1,1,1,1.0,1,1,0,0,1,0,0,1,1,10600000
1189,Borivali East,3.0,0,1,1,1,0.0,1,0,0,0,1,0,1,0,0,22500000
1235,Kharghar,2.0,0,1,1,1,1.0,1,1,1,1,1,1,0,1,1,13500000
750,Malad West,1.0,1,1,1,1,0.0,1,0,1,0,0,1,0,1,1,9200000
1250,Goregaon West,2.0,0,1,1,1,0.0,1,1,1,0,1,0,0,1,1,20000000
1760,Kharghar,3.0,0,1,1,1,0.0,1,1,1,0,0,0,0,1,1,15000000
2115,Dombivali,3.0,0,1,1,1,0.0,1,1,1,1,1,1,0,1,1,16000000
890,Vartak Nagar,2.0,0,0,1,1,1.0,1,0,0,0,0,0,0,0,0,7495999
1680,Kharghar,3.0,0,1,1,1,1.0,1,1,1,1,1,1,0,1,1,14000000
1511,Ulwe,3.0,0,1,0,1,1.0,1,0,0,0,0,0,0,0,1,5100000
570,Vartak Nagar,1.0,0,0,1,1,1.0,1,0,0,0,0,0,0,0,0,6498000
654,Karanjade,1.0,1,0,1,1,1.0,1,0,0,1,1,0,1,1,0,4300000
1250,Dahisar,3.0,0,0,1,1,1.0,1,0,0,0,0,0,0,0,0,26000000
610,Kharghar,1.0,0,1,1,1,1.0,1,1,1,1,1,0,0,1,1,5700000
1805,Ghatkopar,3.0,1,1,1,1,0.0,1,1,1,1,1,1,0,1,1,35000000
1200,Dattapada,3.0,0,0,1,1,1.0,1,0,0,0,0,0,0,0,0,19500000
506,vasant vihar thane west,1.0,0,0,1,1,1.0,1,0,0,1,0,0,0,0,0,6400000
1810,Kandivali East,3.0,1,1,1,1,1.0,1,1,1,1,1,1,0,1,1,27799999
1590,Kharghar,3.0,0,1,1,1,1.0,1,1,1,1,0,1,0,1,1,22000000
675,Mira Road East,1.0,0,1,1,1,1.0,1,1,1,1,1,1,0,1,1,5800000
653,mumbai,1.0,0,1,1,1,1.0,1,0,0,0,0,0,0,0,0,4500000
620,Mira Road East,1.0,0,1,1,1,0.0,1,1,1,0,0,0,0,1,1,5700000
1370,Kharghar,3.0,0,1,1,1,1.0,1,1,1,1,0,0,0,1,1,13200000
1170,Thane West,2.0,1,1,1,1,0.0,1,1,1,0,1,0,0,1,1,11500000
1050,Dattapada,2.0,0,0,1,1,1.0,1,0,0,0,0,0,0,0,0,19000000
495,KASHELI,1.0,1,0,1,0,1.0,1,0,0,0,0,0,0,0,0,2105000
1078,Kharghar,2.0,0,1,1,1,1.0,1,1,1,1,1,1,0,1,1,9300000
655,Kharghar,1.0,0,1,1,1,1.0,1,0,1,0,0,0,0,1,1,5500000
1530,Kharghar,3.0,0,1,1,1,1.0,1,1,1,1,1,1,0,1,1,15500000
700,Tolaram Colony,2.0,0,1,1,1,1.0,1,0,0,0,0,0,0,0,0,10500000
6381,Lower Parel,4.0,1,1,1,1,1.0,1,1,1,1,1,1,1,1,1,160000000
558,Vasai east,1.0,1,0,1,1,0.0,1,1,0,0,1,0,0,0,0,2900000
610,Kalyan West,2.0,0,0,1,1,1.0,0,0,0,0,1,0,0,0,0,4800000
1700,Kharghar,3.0,0,1,1,1,1.0,1,1,1,1,1,0,0,1,1,18500000
543,Bhandup West,1.0,0,1,1,1,0.0,1,0,0,0,0,0,0,1,1,6800000
1197,Kharghar,2.0,0,1,1,1,1.0,1,1,1,1,1,0,0,0,1,13000000
610,Maharashtra Nagar,1.0,0,0,0,0,0.0,0,0,0,0,0,0,0,0,0,6500000
1500,Kandivali West,3.0,1,1,1,1,0.0,1,1,1,1,1,1,0,1,0,17500000
1180,Mira Road and Beyond,2.0,0,1,0,1,1.0,1,0,0,0,0,0,0,0,0,6400000
1785,Borivali West,3.0,1,1,1,1,1.0,1,1,1,1,1,1,0,1,1,33500000
839,Kandivali West,2.0,0,1,1,1,0.0,1,1,1,0,1,1,1,1,1,16500000
1100,Chembur,2.0,0,0,0,1,0.0,1,0,0,0,0,0,0,0,0,17600000
725,Koparkhairane Station Road,1.0,0,1,0,1,1.0,1,0,1,0,0,0,0,0,0,7500000
700,Kharghar,2.0,0,1,1,1,1.0,1,1,1,1,1,0,0,1,1,6000000
1810,Kharghar,3.0,1,1,1,1,0.0,1,1,1,1,1,1,0,1,1,17000000
612,Katrap,2.0,0,0,1,1,1.0,0,0,0,0,1,0,0,0,0,3300000
929,Dombivali,2.0,0,1,1,1,1.0,1,1,1,1,1,1,0,1,1,6500000
1250,Chembur,2.0,1,0,1,1,1.0,1,0,1,1,1,0,0,1,0,19600000
810,Mira Road and Beyond,2.0,0,1,1,1,1.0,1,0,0,0,0,0,0,0,0,6000000
580,Kharghar,1.0,0,0,0,1,1.0,1,0,0,0,0,0,0,0,0,4500000
915,Andheri East,2.0,0,1,1,1,1.0,1,1,1,1,1,1,1,1,1,14800000
660,Ambarnath,1.0,1,0,1,1,0.0,1,1,0,1,0,0,0,0,0,2492000
1590,Kharghar,3.0,0,1,1,1,1.0,1,1,1,1,1,1,1,1,1,22000000
680,Kharghar,1.0,0,0,1,1,1.0,1,0,0,0,0,0,0,0,0,4200000
3000,Sector-3 Ulwe,4.0,0,1,1,1,1.0,1,1,1,1,1,1,0,1,1,27500000
1075,Kharghar,2.0,0,1,1,1,1.0,1,1,1,1,1,1,0,1,1,10000000
1400,Chembur,3.0,0,1,1,1,1.0,1,0,0,0,0,0,0,0,0,32100000
900,Sector 11 Kharghar,2.0,0,0,0,0,1.0,1,0,0,0,0,0,0,0,0,7000000
3410,Ghatkopar,4.0,1,1,1,1,0.0,1,1,1,1,1,1,0,1,0,58500000
1250,Ulwe,2.0,0,1,0,1,1.0,1,0,0,0,0,0,0,0,1,8000000
575,Virar West,1.0,0,1,1,1,1.0,1,0,0,0,0,0,0,0,0,2300000
1245,Kamothe Sector 16,2.0,0,1,0,1,1.0,1,0,0,0,0,0,0,0,0,9400000
1090,Karanjade,2.0,1,0,1,1,1.0,1,0,0,1,1,1,0,1,0,6300000
1075,Kharghar,2.0,0,0,0,1,1.0,1,0,0,0,0,0,0,0,0,10500000
1550,Sector 20 Kharghar,3.0,0,1,1,1,1.0,1,1,1,1,0,0,0,0,1,13000000
1412,Mulund,3.0,0,0,0,0,1.0,1,1,0,0,0,0,1,1,1,21900000
1125,Kharghar,2.0,0,0,0,1,1.0,1,0,0,0,0,0,0,0,0,12700000
1080,Borivali East,2.0,1,1,1,1,0.0,1,0,1,1,1,0,1,1,1,21500000
1250,Sector 18 Kharghar,2.0,0,1,1,1,0.0,0,0,0,0,1,0,0,0,1,14500000
650,Kamothe,1.0,0,1,1,1,1.0,1,0,0,0,0,0,0,0,0,4200000
676,Ghatkopar,1.0,1,1,1,1,1.0,1,1,1,1,1,1,0,1,1,8500000
671,Deonar,1.0,1,1,1,1,0.0,1,1,0,0,1,1,0,1,1,14000000
670,Ulwe,1.0,0,1,0,1,1.0,1,0,0,0,0,0,0,0,1,4000000
663,Kalyan West,2.0,0,0,1,1,1.0,0,0,0,0,1,0,0,0,0,5800000
603,Sector 30 Kharghar,1.0,0,0,0,1,1.0,1,0,0,0,0,0,0,0,0,4500000
1225,Khar West,3.0,0,0,0,0,0.0,0,0,0,0,0,0,0,0,0,55000000
1015,Karanjade,2.0,1,1,1,1,1.0,1,1,1,1,1,0,0,1,0,5900000
950,Magathane,2.0,0,0,1,1,1.0,1,0,0,0,0,0,0,0,0,14500000
720,Malad East,1.0,0,1,1,1,0.0,1,1,1,1,0,0,1,1,1,12000000
560,Malad West,1.0,0,0,0,0,0.0,0,0,0,0,0,0,0,0,0,11500000
525,Panvel,1.0,1,0,0,1,0.0,1,0,0,0,0,0,0,0,0,2800000
840,Ulwe,2.0,0,1,0,1,1.0,1,0,0,0,0,0,0,0,1,5500000
585,Borivali East,1.0,0,0,1,1,1.0,1,0,0,0,0,0,0,0,0,11000000
980,Sector9 Kamothe,2.0,0,1,1,1,1.0,1,0,0,0,0,0,0,0,0,8800000
675,Badlapur East,1.0,1,0,1,1,0.0,1,0,0,0,0,0,0,0,0,2865000
800,Majiwada,2.0,0,0,1,1,1.0,1,0,0,0,0,0,0,0,0,7494000
880,Wadala East Wadala,2.0,0,1,1,1,1.0,1,0,0,0,0,0,0,0,0,15000000
1180,Sector12 Kamothe,2.0,0,1,1,1,1.0,1,0,0,0,0,0,0,0,0,9200000
715,Badlapur West,1.0,1,0,1,1,1.0,1,1,1,0,0,0,0,0,0,3682000
1115,taloja panchanand,2.0,0,0,1,1,1.0,1,0,0,0,0,0,0,0,0,7900000
890,Sector 17 Ulwe,2.0,0,1,1,1,1.0,1,0,1,0,0,0,0,0,0,7500000
530,Thane,1.0,0,1,1,1,1.0,1,0,1,0,0,0,0,0,0,3000000
1050,Borivali East,2.0,0,0,1,1,1.0,1,0,0,0,0,0,0,0,0,16500000
1060,Kharghar,2.0,0,0,0,1,0.0,0,0,0,1,0,0,0,0,0,11000000
1000,Kharghar,2.0,0,1,1,1,0.0,1,1,1,0,1,0,0,1,1,7500000
1350,Samata Nagar Thakur Village,3.0,0,0,1,1,1.0,1,0,0,0,0,0,0,0,0,26000000
1050,Patlipada,2.0,0,1,0,1,1.0,1,0,0,0,0,0,0,0,0,19000000
453,Naigaon East,1.0,0,1,1,1,0.0,1,0,0,1,1,0,0,1,0,2500000
1150,Seawoods,2.0,0,0,1,1,1.0,1,0,1,0,0,0,0,0,0,17100000
640,Panvel,1.0,1,0,1,1,0.0,1,0,0,0,1,0,1,0,0,3700000
1000,Kalyan West,3.0,0,0,0,0,0.0,0,0,0,0,0,0,0,0,0,5600000
685,kandivali,1.0,1,1,1,1,0.0,1,1,0,0,1,1,0,1,1,7500000
4200,Hanuman Nagar,5.0,0,0,1,1,1.0,1,0,0,0,1,0,0,0,0,250000000
1240,Sector 5 Ulwe,2.0,0,1,1,1,1.0,1,0,0,0,0,0,0,0,0,9000000
1050,Kharghar,2.0,0,0,0,1,1.0,1,0,0,0,0,0,0,0,0,8000000
1250,Sanpada,2.0,1,0,1,1,0.0,1,0,0,1,0,0,1,1,0,17000000
565,Naigaon East,1.0,1,0,1,1,0.0,1,0,0,1,1,0,0,1,0,2400000
675,Chembur East,1.0,0,1,1,1,1.0,1,0,0,0,0,0,0,0,0,10700000
650,Sector 17 Ulwe,1.0,0,1,1,1,1.0,1,0,1,0,0,0,0,0,0,5500000
800,Worli,1.0,0,0,1,1,1.0,1,0,0,0,0,0,0,0,0,19500000
585,Chembur,1.0,0,1,1,1,1.0,1,0,0,0,0,0,0,0,0,9500000
740,Kharghar,1.0,0,1,1,1,1.0,1,1,1,1,1,1,0,1,1,6000000
1687,Kharghar,3.0,0,1,1,1,1.0,1,1,1,0,1,1,1,1,1,14000000
1530,Kandivali East,3.0,0,1,1,1,1.0,1,1,1,1,1,1,0,1,1,22000000
800,Sector 30 Kharghar,1.0,0,0,0,1,1.0,1,0,0,0,0,0,0,0,0,4500000
516,Thane,1.0,1,1,0,0,0.0,0,0,0,0,0,0,0,0,0,5700000
1098,Kamothe,2.0,0,1,1,1,1.0,1,0,0,0,0,0,0,0,0,7600000
900,Pokhran 2,2.0,0,0,0,0,0.0,0,0,0,0,0,0,0,0,0,10500000
1133,Panvel,2.0,1,1,0,0,0.0,1,1,1,1,1,1,0,1,1,11399999
1340,Napeansea Road,3.0,0,0,1,0,0.0,1,0,0,0,0,0,0,0,0,112500000
1100,Kandivali West,2.0,1,1,1,1,1.0,1,1,1,1,1,1,0,1,1,13200000
1630,Sector 7 Kharghar,3.0,0,0,0,1,0.0,1,0,0,0,1,0,0,0,1,17500000
1475,Kharghar,3.0,0,1,1,1,1.0,1,1,1,1,1,1,0,1,1,11800000
1125,Vasai,3.0,1,1,1,1,0.0,1,0,1,0,0,0,0,1,1,7031000
1085,Kharghar,2.0,0,0,1,1,1.0,1,0,0,0,0,0,0,0,0,7100000
780,Kasheli,2.0,1,0,1,1,0.0,1,1,0,0,1,0,0,0,0,3310000
680,Bhayandar West,1.0,1,0,1,0,0.0,1,0,0,0,0,0,1,0,0,10500000
1944,Mira Road,2.0,1,1,1,1,0.0,1,1,1,0,1,1,1,1,1,16000000
650,Mira Road East,1.0,0,1,1,1,1.0,1,1,1,1,0,1,0,1,1,4800000
1350,Ghatkopar,3.0,0,1,1,1,1.0,1,0,1,0,1,0,1,0,0,29000000
1810,Kharghar,3.0,1,1,1,1,0.0,1,1,1,1,1,1,0,1,1,17900000
1000,Chembur,2.0,0,0,0,1,0.0,1,0,0,0,0,0,0,0,0,18500000
950,Dombivali East,3.0,0,1,1,1,1.0,1,0,0,0,0,0,0,0,0,7600000
1025,Sector-34B Kharghar,2.0,0,0,0,1,1.0,1,0,0,0,0,0,0,0,0,9900000
980,Kharghar,2.0,0,1,1,1,1.0,1,0,1,1,0,1,0,1,1,8700000
690,Taloja Bypass Nitalas Link Road,1.0,0,0,1,1,1.0,1,0,0,0,0,0,0,0,0,3600000
1000,Antop Hill,2.0,0,1,1,1,1.0,1,0,0,0,0,0,0,0,0,20500000
1014,MHADA Colony 20,2.0,0,0,1,1,1.0,0,0,0,0,0,0,0,0,0,19500000
1340,Sector 19 Kharghar,2.0,0,0,0,1,1.0,1,0,0,0,0,0,0,0,0,13500000
1012,Goregaon,2.0,1,1,1,1,0.0,1,1,1,0,1,1,0,1,1,12600000
1260,Sector12 New Panvel,2.0,0,1,1,1,1.0,1,0,0,0,0,0,0,0,0,9000000
1236,Kamothe,2.0,0,1,0,1,1.0,1,0,0,0,0,0,0,0,0,9350000
1100,West Amardeep Colony,2.0,0,1,1,1,1.0,1,0,0,0,0,0,0,0,0,17600000
655,Andheri East,2.0,0,0,0,1,1.0,1,0,0,0,0,0,0,0,0,11100000
600,Dombivali East,1.0,0,1,1,1,1.0,1,0,0,0,1,0,0,0,0,3600000
1160,Kharghar,2.0,0,1,1,1,1.0,1,0,1,1,1,0,0,1,1,9000000
600,Kharghar,1.0,0,1,1,1,0.0,1,1,1,0,1,0,0,1,1,5200000
715,Chembur,1.0,0,0,0,1,0.0,1,0,0,0,0,0,0,0,0,10700000
1188,Ghatkopar,2.0,1,1,1,1,0.0,1,1,1,0,1,1,0,1,1,17500000
900,Goregaon East,2.0,0,1,1,1,0.0,1,0,1,0,0,0,0,1,0,11299999
950,Andheri East,2.0,0,1,1,1,1.0,1,1,1,1,1,1,0,1,1,15000000
1012,Kamothe,2.0,0,0,0,1,1.0,1,0,0,0,0,0,0,0,0,7200000
1150,Worli,2.0,1,1,1,1,1.0,1,1,1,1,1,1,0,1,1,46000000
1361,Dahisar,2.0,0,0,1,1,1.0,1,0,0,0,0,0,0,0,0,37000000
1725,Kharghar,3.0,1,1,1,1,0.0,1,1,1,1,1,1,0,1,1,12500000
775,Goregaon West,2.0,1,1,1,1,1.0,1,1,1,1,1,1,0,1,1,14500000
1650,Nahur,3.0,1,1,1,1,1.0,1,1,1,1,1,1,1,1,1,33000000
1902,Vasant Vihar,3.0,0,1,1,1,1.0,1,0,1,0,1,0,1,0,0,39000000
720,Kharghar,1.0,0,1,1,1,1.0,1,1,1,0,1,0,0,1,1,6200000
800,Mira Road East,2.0,0,0,1,1,0.0,0,0,0,0,1,0,0,0,0,6370000
757,Chembur,1.0,1,1,1,1,0.0,1,1,1,1,1,1,0,1,1,7500000
1125,Sector 15,2.0,0,0,0,1,1.0,1,0,0,0,0,0,0,0,0,12700000
400,Mira Road and Beyond,1.0,0,1,1,1,1.0,1,0,0,0,0,0,0,0,0,2700000
880,Bhiwandi,2.0,1,1,1,1,1.0,1,1,1,1,1,1,0,1,1,6800000
600,Dronagiri,1.0,1,1,1,1,1.0,1,1,1,1,1,1,1,1,0,3400000
383,Ramdev Park,1.0,0,0,0,1,1.0,1,0,0,0,0,0,0,0,0,5100000
1500,Dattapada,3.0,0,0,1,1,1.0,1,0,0,0,0,0,0,0,0,23000000
650,Virar,1.0,1,0,0,0,0.0,0,0,0,0,0,0,0,0,0,2700000
620,Sector-24 Kamothe,1.0,0,0,1,1,0.0,1,0,0,0,0,0,0,0,0,4000000
1733,Thane West,3.0,0,0,0,1,1.0,1,0,0,0,0,0,0,0,0,28400000
989,Kharghar,2.0,0,1,1,1,1.0,1,1,1,1,1,0,0,1,1,6850000
1300,Kharghar,3.0,0,0,1,1,1.0,1,1,1,1,0,0,0,0,1,15000000
750,Jogeshwari West,1.0,0,0,1,1,0.0,1,0,0,0,0,0,0,0,0,11000000
1050,Belapur,2.0,0,0,1,1,1.0,1,0,1,0,0,0,0,0,0,13500000
1155,Kharghar,2.0,0,1,1,1,1.0,1,1,1,1,1,1,1,1,1,10500000
1050,Kharghar,2.0,0,1,1,1,1.0,1,0,1,1,1,1,0,1,1,8000000
700,Antop Hill,1.0,0,1,1,1,1.0,1,0,0,0,0,0,0,0,0,12800000
1560,Ulwe,3.0,1,1,1,1,1.0,1,1,1,1,1,1,1,1,1,14500000
3080,Andheri West,3.0,1,1,1,1,0.0,1,1,1,1,1,0,0,1,1,92400000
1525,Kharghar Sector 34C,2.0,1,0,0,0,0.0,0,0,0,0,0,0,0,0,0,13200000
650,Mira Road,1.0,1,1,1,1,0.0,1,0,0,0,0,0,0,1,1,6000000
605,Kamothe,1.0,0,0,0,1,1.0,1,0,0,0,0,0,0,0,0,5100000
565,Naigaon East,1.0,1,1,1,1,0.0,1,0,0,1,1,0,0,1,0,2400000
673,Ambarnath,1.0,1,1,1,1,0.0,1,1,1,1,1,1,0,1,1,2650000
800,Thane,2.0,0,1,1,1,1.0,1,0,1,0,0,0,0,0,0,4500000
1100,Kharghar,2.0,0,0,1,1,1.0,1,0,0,1,0,0,0,1,1,7500000
1000,Kamothe,2.0,0,1,1,1,1.0,1,0,1,0,0,0,0,0,0,7000000
1250,Dattapada,2.0,0,0,1,1,1.0,1,0,0,0,0,0,0,0,0,21000000
958,Wadala East Wadala,2.0,0,0,1,1,1.0,1,0,0,0,0,0,0,0,0,24800000
441,Badlapur East,1.0,0,0,1,1,1.0,0,0,0,0,1,0,0,0,0,2560000
900,Kamothe,2.0,0,1,0,1,1.0,1,0,0,0,0,0,0,0,0,6200000
1000,Panvel,2.0,1,0,0,0,0.0,0,0,0,0,0,0,0,0,0,5000000
1109,Vasant Vihar,3.0,0,1,1,1,1.0,1,0,1,0,1,0,1,0,0,15000000
1095,Sector 18,2.0,0,0,0,1,1.0,1,0,0,0,0,0,0,0,0,11500000
1850,Dahisar,3.0,0,0,1,1,1.0,1,0,0,0,0,0,0,0,0,43000000
770,Kalwa,2.0,0,0,0,1,1.0,1,0,0,0,0,0,0,0,0,9250000
1800,Samata Nagar Thakur Village,3.0,0,1,1,1,0.0,1,1,0,1,1,0,1,0,1,33000000
576,kolshet,1.0,0,0,1,1,1.0,1,0,0,0,0,0,0,0,0,5900000
600,Kharghar,1.0,0,0,1,1,1.0,1,1,1,1,1,0,1,1,0,4850000
695,Mira Road East,1.0,1,1,1,1,1.0,1,1,1,1,1,0,0,1,1,5100000
680,Sector 17 Ulwe,1.0,1,0,1,0,1.0,1,1,0,1,1,1,0,1,0,4600000
370,Virar East,1.0,0,0,0,1,1.0,1,1,0,0,1,0,0,0,0,2100000
1230,Kharghar,2.0,0,1,1,1,0.0,1,1,1,0,1,0,0,1,1,10200000
1180,Mira Road and Beyond,2.0,0,1,1,1,1.0,1,0,0,0,0,0,0,0,0,6400000
1045,Ulwe,2.0,0,1,0,1,1.0,1,0,0,0,0,0,0,0,1,8600000
1388,Lower Parel,2.0,0,0,1,1,1.0,1,0,0,0,0,0,0,0,0,55000000
635,Kharghar,1.0,0,1,1,1,1.0,1,1,1,0,1,0,0,1,1,3500000
1050,Dattapada,2.0,0,0,1,1,1.0,1,0,0,0,0,0,0,0,0,18000000
1240,Sector9 Kamothe,3.0,0,1,1,1,1.0,1,0,0,0,0,0,0,0,0,15500000
475,Sector 20 Kamothe,1.0,0,0,0,0,0.0,0,0,0,0,0,0,0,0,0,3500000
1242,Saki Naka,3.0,0,0,1,1,1.0,1,0,0,0,1,0,0,0,1,18500000
1170,Majiwada,2.0,0,0,1,1,1.0,1,0,0,0,0,0,0,0,0,10500000
1100,Kharghar,2.0,0,0,1,1,1.0,1,0,0,1,1,0,0,1,0,7000000
650,Kharghar,1.0,0,0,1,1,1.0,1,0,0,1,0,0,0,0,0,6500000
1130,Bhakti Park,2.0,0,1,1,1,1.0,1,0,0,0,0,0,0,0,0,21000000
950,Malad West,2.0,0,1,1,1,1.0,1,1,1,1,1,0,0,0,0,14200000
625,Kharghar,1.0,0,1,1,1,1.0,1,1,1,1,0,0,0,0,1,5200000
1650,Thane West,3.0,0,1,1,1,0.0,1,0,1,0,0,0,1,1,1,24500000
1005,Chembur East,2.0,1,1,1,1,0.0,1,1,1,1,1,1,0,1,1,9500000
3000,Tardeo,4.0,0,1,1,1,1.0,1,1,1,1,1,1,1,1,1,200000000
1065,Thane West,2.0,1,1,1,1,0.0,1,1,1,0,1,0,0,1,1,10400000
1730,Kharghar,3.0,0,1,1,1,1.0,1,1,1,1,1,1,0,1,1,15000000
530,Mumbai Central,1.0,0,1,1,1,1.0,1,0,0,0,0,0,0,0,0,3300000
1550,Kharghar,3.0,0,1,1,1,1.0,1,1,0,1,1,0,0,1,0,11000000
1500,Kandivali West,3.0,0,1,1,1,0.0,1,1,1,0,1,1,0,1,1,26500000
1260,Sector 5 Ulwe,2.0,0,1,1,1,1.0,1,0,0,0,0,0,0,0,0,9200000
1050,Kolshet Road,2.0,0,1,1,1,1.0,1,0,1,0,1,0,1,0,0,10300000
1525,roadpali navimumbai,3.0,0,1,1,1,1.0,1,0,0,0,1,0,0,0,1,12100000
400,Link Road,1.0,0,0,1,1,1.0,1,0,0,0,0,0,0,0,0,10500000
952,Thane West,2.0,1,1,1,1,0.0,1,1,1,0,1,0,0,1,1,9377000
815,Jeejamata Nagar,2.0,0,0,1,1,1.0,1,0,0,0,0,0,0,0,0,17000000
1055,Sector-3 Ulwe,2.0,0,0,0,1,1.0,1,1,1,1,1,0,1,1,0,7800000
1400,Sector 20 Kharghar,3.0,0,0,0,1,1.0,1,0,0,0,0,0,0,0,0,16000000
1360,Kharghar,2.0,0,1,1,1,0.0,1,1,1,0,0,0,0,1,1,14500000
650,Kalyan West,2.0,0,0,1,1,1.0,0,0,0,0,1,0,0,0,0,5060000
1053,Magathane,2.0,0,1,0,1,1.0,1,0,1,0,0,0,0,0,0,17500000
1423,Borivali East,3.0,1,1,1,1,0.0,1,0,1,1,1,0,1,1,1,31500000
488,Kharegaon,1.0,0,0,0,1,1.0,1,0,0,0,0,0,0,0,0,6656000
600,Balkum,1.0,0,0,1,1,1.0,1,0,0,0,0,0,0,0,0,3600000
1063,Thakur Village,2.0,0,0,1,1,1.0,1,0,0,0,0,0,0,0,0,16299999
485,Kalyan West,1.0,0,0,0,1,1.0,1,0,0,0,1,0,0,0,0,4800000
556,Naigaon East,2.0,1,1,1,1,1.0,1,1,1,1,1,0,0,1,0,3800000
1290,Thane West,3.0,1,1,1,1,0.0,1,1,1,0,1,0,0,1,1,12700000
935,Vasai West,2.0,0,0,0,0,0.0,0,0,0,0,0,0,0,0,0,6000000
630,Karanjade,1.0,1,0,1,1,1.0,1,0,0,1,1,0,1,1,0,3950000
950,Kamothe,2.0,0,1,1,1,1.0,1,0,1,0,0,0,0,0,0,5900000
1435,Kharghar,3.0,1,1,1,1,1.0,1,1,1,1,1,1,0,1,1,15500000
560,Sector-5 Kamothe,1.0,0,0,0,1,1.0,1,0,0,0,0,0,0,0,0,3800000
5642,Sion,6.0,0,1,1,1,0.0,1,0,1,0,1,1,1,1,1,260000000
1500,Kharghar,3.0,0,0,0,1,1.0,1,0,0,0,0,0,0,0,0,13000000
850,Kolshet Road,2.0,0,1,1,1,1.0,1,0,1,1,1,0,1,0,0,10500000
640,Sector 20 Kharghar,1.0,0,0,0,1,1.0,1,0,0,0,0,0,0,0,0,5500000
649,Kharghar,1.0,0,0,1,1,1.0,1,0,0,1,1,0,0,1,0,5500000
590,Mira Road and Beyond,1.0,0,1,0,1,1.0,1,0,0,0,0,0,0,0,0,4100000
3780,Andheri West,4.0,1,1,1,1,0.0,1,1,1,1,1,0,0,1,1,113400000
768,Pokharan Road,2.0,0,0,0,1,1.0,1,0,0,0,0,0,0,0,0,13200000
608,Malad East,1.0,1,0,0,1,1.0,1,0,0,0,0,0,0,0,0,8600000
1580,Kharghar,3.0,0,1,1,1,1.0,1,1,0,1,1,0,0,1,0,10500000
1600,Almeida Park,3.0,0,1,1,1,1.0,1,0,0,1,0,1,1,0,0,75000000
687,Panvel,1.0,1,0,1,0,0.0,1,1,0,0,1,0,0,1,0,5300000
650,Sector 22 Kamothe,1.0,0,0,0,1,1.0,1,0,0,0,0,0,0,0,0,5000000
745,Kandivali East,2.0,0,1,1,1,1.0,1,1,1,1,1,0,1,1,1,12500000
730,Rutu Enclave,1.0,0,0,0,1,1.0,1,0,0,0,0,0,0,0,0,3400000
610,Kalyan West,2.0,0,0,1,1,1.0,0,0,0,0,1,0,0,0,0,4380000
1050,Jeejamata Nagar,3.0,0,0,1,1,1.0,1,0,0,0,0,0,0,0,0,21500000
600,Seawoods,1.0,0,0,1,0,0.0,1,0,0,0,0,0,1,0,0,8500000
1210,Sector 15 Kharghar,2.0,0,1,1,1,1.0,1,1,1,1,1,0,0,0,0,13000000
1060,Kharghar,2.0,0,1,1,1,1.0,1,1,1,1,1,0,0,0,1,11000000
1900,Bandra West,3.0,1,1,1,1,1.0,1,0,0,1,0,0,1,0,0,55000000
1680,Kharghar,3.0,0,1,1,1,1.0,1,1,1,1,1,1,0,1,1,13600000
1580,Hiranandani Meadows,3.0,0,1,1,1,1.0,1,0,1,0,1,0,1,0,0,28000000
1150,Ulwe,2.0,0,0,1,1,1.0,1,0,1,0,0,0,0,0,0,11000000
400,I C Colony,1.0,0,0,1,1,0.0,1,0,0,0,1,0,0,0,0,5500000
2150,Vasant Vihar,4.0,0,1,1,1,1.0,1,0,1,0,1,0,1,0,0,39000000
999,Kandivali East,2.0,0,1,1,1,1.0,1,1,0,1,0,1,1,1,1,21800000
1150,Kharghar,2.0,0,1,1,1,1.0,1,0,1,1,1,0,1,1,1,9500000
3410,Ghatkopar East,4.0,1,1,1,1,0.0,1,1,1,1,1,1,0,1,0,58500000
400,Borivali East,1.0,0,0,0,0,0.0,0,0,0,0,0,0,0,0,0,9000000
650,Sector34 A Kharghar,1.0,0,0,0,1,1.0,1,0,0,0,0,0,0,0,0,5000000
1650,Goregaon West,3.0,1,0,1,1,0.0,1,0,0,0,1,0,1,0,1,25500000
922,Andheri East,2.0,0,1,1,1,1.0,1,1,1,1,1,1,1,1,1,16800000
1550,Kharghar,3.0,0,1,1,1,1.0,1,1,1,1,1,1,0,1,1,14000000
500,Kharghar,1.0,0,1,1,1,1.0,1,0,1,0,0,0,0,0,0,3700000
1129,Kamothe,2.0,0,0,0,1,1.0,1,0,0,0,0,0,0,0,0,10400000
950,Thane,2.0,0,1,1,1,1.0,1,0,1,0,0,0,0,0,0,3000000
1020,taloja panchanand,2.0,0,0,0,1,1.0,1,0,0,0,0,0,0,0,0,4800000
1083,Kharghar,2.0,0,0,1,1,1.0,1,0,0,0,0,0,1,0,0,9600000
930,Virar West,2.0,0,1,1,1,1.0,1,0,0,0,0,0,0,0,0,3720000
1600,Chembur,3.0,0,1,1,1,1.0,1,0,0,0,0,0,0,0,0,32599999
1760,Kopar Khairane Sector 19A,3.0,0,0,1,1,1.0,1,0,1,0,0,0,0,0,0,17000000
1760,Kharghar,3.0,0,1,1,1,1.0,1,1,1,0,0,0,0,1,1,17100000
1365,Dronagiri,2.0,0,0,1,1,0.0,1,0,0,1,1,0,0,0,0,7800000
1638,Wadala,3.0,1,1,1,1,0.0,1,1,1,0,1,0,0,1,1,28800000
2030,Borivali West,3.0,1,1,1,1,1.0,1,1,1,1,1,1,0,1,1,38600000
1786,Kandivali East,3.0,0,1,1,1,0.0,1,1,1,1,0,0,0,1,1,31500000
900,Link Road,2.0,0,1,1,1,1.0,1,1,0,1,0,0,1,0,0,16000000
1079,Kharghar,2.0,0,1,1,1,1.0,1,0,0,0,0,0,0,0,0,8100000
700,Powai Lake,1.0,0,1,1,1,1.0,1,0,0,0,0,0,0,0,0,2900000
850,Kharghar,2.0,0,1,1,1,1.0,1,0,1,0,0,0,0,1,1,6000000
1000,Chembur,2.0,0,0,0,1,1.0,1,0,0,0,0,0,0,0,0,18500000
600,Naigaon East,1.0,0,1,1,1,1.0,1,1,0,1,1,0,0,1,0,2700000
1255,Sector 21 Kamothe,2.0,0,1,1,1,1.0,1,0,0,0,0,0,0,0,0,11000000
1090,Ulwe,2.0,0,1,1,1,0.0,1,1,0,1,1,0,1,0,0,8200000
565,Bhandup West,1.0,0,0,0,0,0.0,0,0,0,0,0,0,0,0,0,6800000
2200,Kharghar,4.0,0,1,1,1,1.0,1,1,1,1,1,0,0,1,1,16000000
1465,Thane West,3.0,0,1,1,1,0.0,1,0,0,0,0,0,1,0,1,16500000
484,Kanjurmarg,1.0,0,1,1,1,0.0,1,1,1,0,1,1,0,1,1,8500000
997,Andheri West,2.0,1,0,1,1,0.0,1,0,0,0,1,0,0,0,0,28500000
540,Virar East,1.0,0,0,0,0,0.0,0,0,0,0,0,0,0,0,0,2500000
1305,Malad West,3.0,0,1,1,1,0.0,1,1,1,1,1,1,0,1,1,26500000
730,Ambernath East,1.0,1,0,1,1,1.0,1,1,0,0,0,0,0,0,0,3874000
1150,Sector-12 Kamothe,2.0,0,0,1,1,1.0,1,0,1,0,0,0,0,0,0,12600000
750,Jogeshwari West,1.0,0,0,1,1,0.0,1,0,0,0,0,0,0,0,0,10500000
568,Bhiwandi,2.0,1,1,1,1,1.0,1,1,0,1,1,0,0,1,0,4000000
1100,Dattapada,3.0,0,0,1,1,1.0,1,0,0,0,0,0,0,0,0,23000000
1050,MG Road,2.0,1,0,1,1,0.0,1,1,0,1,0,0,1,0,0,18000000
650,Mira Road East,1.0,0,0,1,0,0.0,1,0,0,0,0,0,0,0,0,4800000
995,Thane West,2.0,1,1,1,1,0.0,0,1,0,1,0,0,0,0,1,13500000
450,Sector16 Airoli,1.0,0,0,0,1,1.0,1,0,0,0,0,0,0,0,0,5500000
650,Kharghar,1.0,0,0,1,1,1.0,1,0,0,1,1,0,0,0,0,4500000
1015,Thane West,2.0,1,1,1,1,0.0,1,1,1,0,1,0,0,1,1,9997000
670,Taloja,1.0,0,0,0,1,1.0,1,0,0,0,0,0,0,0,0,3350000
1135,Ulwe,2.0,1,0,1,1,1.0,1,0,0,1,0,0,1,0,0,6200000
1600,Chembur,3.0,0,0,0,1,0.0,1,0,0,0,0,0,0,0,0,33700000
2000,Kharghar,4.0,0,1,1,1,1.0,1,1,1,1,1,0,0,1,1,17000000
1656,Goregaon West,3.0,0,1,1,1,1.0,1,1,1,1,1,1,0,1,1,27900000
675,Thane Belapur Road Kalwa,1.0,0,0,0,0,0.0,1,0,0,0,0,0,0,0,0,6500000
547,Thane,2.0,0,1,1,1,1.0,1,0,1,0,0,0,0,0,0,6800000
1620,Goregaon East,3.0,1,1,1,1,1.0,1,1,1,1,1,1,0,1,1,31500000
650,Kharghar,1.0,0,0,1,1,1.0,1,0,0,1,0,0,0,0,0,6200000
574,Asangaon,1.0,0,1,1,1,0.0,1,1,1,1,1,1,0,0,1,2035000
1060,Kharghar,2.0,0,1,1,1,0.0,1,1,1,1,1,1,0,1,1,9000000
1400,Goregaon East,3.0,0,0,1,1,1.0,1,0,0,0,1,0,0,0,0,25000000
1340,Mira Road East,3.0,1,1,1,1,0.0,1,1,1,1,1,0,0,1,1,10000000
550,Kharghar,1.0,0,1,1,1,1.0,1,1,1,0,0,0,1,1,1,5500000
7600,Andheri West,5.0,0,1,1,0,0.0,0,1,1,1,0,0,1,0,1,220000000
1295,Andheri,3.0,1,1,1,1,1.0,1,1,1,0,1,0,1,1,1,38700000
675,Sector35D Kharghar,1.0,0,0,0,1,1.0,1,0,0,0,0,0,0,0,0,6000000
1187,Sector-18 Ulwe,2.0,1,1,1,1,0.0,1,1,1,1,1,0,0,0,0,10500000
1503,Mumbai Highway,3.0,0,0,0,1,0.0,1,0,0,0,0,0,0,0,1,19000000
490,Taloja,1.0,1,0,1,1,1.0,1,0,0,1,0,0,0,0,0,2400000
690,taloja panchanand,1.0,0,0,1,1,1.0,1,0,0,0,0,0,0,0,0,4700000
745,Ulwe,1.0,0,1,1,1,0.0,1,1,1,0,1,1,0,1,1,6000000
1665,Sector 17 Ulwe,3.0,0,1,1,1,1.0,1,0,0,0,0,0,0,0,0,16800000
1502,Kharghar,3.0,0,1,1,1,0.0,1,1,1,0,1,1,0,1,1,16500000
1115,Mumbai Central,2.0,0,1,0,1,1.0,0,0,0,0,0,0,0,0,0,5500000
780,Santacruz West,2.0,1,1,0,0,0.0,0,0,0,1,1,0,0,0,0,32799999
600,Dattapada,1.0,0,0,1,1,1.0,1,0,0,0,0,0,0,0,0,11200000
650,Taloja,1.0,1,0,1,1,1.0,0,0,1,0,1,0,0,0,0,3700000
1350,Samata Nagar Thakur Village,3.0,0,0,1,1,1.0,1,0,0,0,0,0,0,0,0,28000000
632,Chembur,1.0,0,1,1,1,1.0,1,0,0,0,0,0,0,0,0,12200000
913,Vikhroli,2.0,1,0,0,0,0.0,1,0,0,0,0,0,0,0,0,15500000
1404,Goregaon East,2.0,1,1,1,1,1.0,1,1,1,1,1,1,0,1,1,27900000
1150,Kharghar,2.0,0,1,1,1,0.0,1,1,1,0,1,0,0,1,1,11800000
600,Kharghar,1.0,0,1,1,1,1.0,1,1,1,1,1,0,0,1,1,4100000
1944,Mira Road East,4.0,1,1,1,1,0.0,1,1,1,1,1,1,1,1,1,16000000
615,Kharghar,2.0,0,0,1,1,1.0,1,0,0,0,0,0,0,0,0,4500000
2100,Kharghar,4.0,0,0,1,1,1.0,1,0,0,1,0,0,0,0,0,40000000
620,Kharghar,1.0,0,1,1,1,1.0,1,0,0,1,0,0,0,0,1,4100000
1050,Kandivali West,2.0,1,1,1,1,0.0,1,1,1,1,1,1,0,1,0,15200000
1550,Sector 10,2.0,0,0,0,1,1.0,1,0,0,0,0,0,0,0,0,16000000
650,Kharghar,1.0,0,0,1,1,1.0,1,0,0,1,1,0,0,1,0,5700000
1716,Kharghar,3.0,0,1,1,1,1.0,1,0,1,1,1,1,0,1,1,17800000
1180,Mulund,2.0,0,0,0,0,1.0,1,1,0,0,0,0,1,1,1,16800000
600,Vartak Nagar,1.0,0,0,1,1,1.0,1,0,0,0,0,0,0,0,0,6497000
1060,Wadala East Wadala,2.0,0,1,1,1,1.0,1,0,0,0,0,0,0,0,0,18000000
625,Sector 18 Kamothe,1.0,0,0,0,1,1.0,1,0,0,0,0,0,0,0,0,4000000
600,Majiwada,1.0,0,0,1,1,1.0,1,0,0,0,0,0,0,0,0,7500000
1278,Goregaon East,3.0,0,1,1,1,1.0,1,0,0,1,0,0,1,0,0,4199000
690,Ambernath West,1.0,1,0,1,1,0.0,1,0,0,0,1,0,1,0,1,2400000
1550,Kandivali West,3.0,1,1,1,1,0.0,1,1,1,1,1,1,0,1,0,19900000
595,mumbai,1.0,0,1,1,1,1.0,1,0,1,0,0,0,0,0,0,2005000
645,Mira Road East,1.0,0,1,1,1,0.0,1,1,1,0,0,0,1,1,1,4500000
620,Badlapur West,1.0,1,0,1,1,0.0,1,0,0,0,0,0,1,0,0,2399000
680,Taloja,1.0,0,0,0,1,1.0,1,0,0,0,0,0,0,0,0,3200000
825,Mira Road East,2.0,0,0,0,0,0.0,0,0,0,0,0,0,0,0,0,10000000
1570,Thane West,3.0,1,1,1,1,0.0,1,1,1,0,1,0,0,1,1,15400000
600,Borivali East,1.0,0,1,1,1,0.0,1,0,1,1,0,0,1,1,1,11299999
1150,Jankalyan Nagar,2.0,0,0,1,1,1.0,0,0,0,0,1,0,0,0,0,16700000
650,Kharghar,2.0,0,0,1,1,1.0,1,1,1,0,1,0,0,0,0,5700000
1025,Kharghar,2.0,0,1,1,1,1.0,1,1,1,1,1,1,0,1,1,9500000
1030,Virar,3.0,1,0,1,1,0.0,1,1,0,0,1,0,0,1,0,5000000
2350,Dadar East,4.0,0,1,1,1,1.0,1,1,1,1,1,1,0,1,1,85000000
771,Thane West,2.0,1,1,1,1,1.0,1,1,1,1,1,1,0,1,1,9900000
655,Kharghar,1.0,0,0,0,1,1.0,1,0,0,0,0,0,0,0,0,4800000
850,Four Bungalows,2.0,0,1,1,1,1.0,1,0,0,0,0,0,0,0,0,9500000
1238,Navi Basti,2.0,0,1,0,0,0.0,0,0,0,0,0,0,0,0,0,12700000
1475,Kandivali East,3.0,0,1,1,1,0.0,1,1,1,0,1,0,0,1,1,31000000
400,Mira Road and Beyond,1.0,0,1,1,1,1.0,1,0,1,0,0,0,0,0,0,7400000
1370,Sector-13 Kharghar,3.0,0,0,1,1,1.0,1,0,0,1,0,0,0,0,0,10500000
1700,Prabhadevi,3.0,0,0,1,1,1.0,1,0,0,0,0,0,0,0,0,85000000
1667,Kandivali East,3.0,0,1,1,1,1.0,1,1,1,1,1,1,1,1,1,33000000
650,Sector-18 Ulwe,1.0,0,0,0,1,1.0,1,0,0,0,0,0,0,0,0,5000000
636,Kharghar,1.0,0,1,1,1,1.0,1,1,1,1,1,0,0,1,1,5500000
990,Palava,2.0,0,0,0,1,0.0,1,0,0,0,0,0,0,0,0,5550000
570,Kharghar,1.0,0,0,1,1,1.0,1,0,0,0,0,0,0,0,0,5000000
1600,Kandivali East,2.0,0,1,1,1,0.0,1,1,1,1,1,0,1,1,1,25000000
1129,Kandivali West,2.0,0,1,1,1,0.0,1,1,1,0,1,1,1,1,1,21000000
1153,Wadala,3.0,0,1,1,1,0.0,1,1,1,1,1,0,1,1,1,29000000
1200,Kandivali West,2.0,1,1,1,1,1.0,1,1,1,1,1,1,0,1,1,13899999
1050,Greater Khanda,2.0,0,1,1,0,0.0,0,1,1,0,0,0,0,0,1,7500000
965,Mira Road East,2.0,1,1,1,1,0.0,1,1,1,1,1,0,0,1,1,7430000
1200,TPS Road,3.0,0,0,1,1,1.0,1,1,0,1,0,0,1,0,0,18500000
540,Kharghar,1.0,0,1,1,1,1.0,1,1,1,0,0,0,0,1,1,4800000
3321,Tardeo,4.0,1,1,1,1,1.0,1,1,1,1,1,1,1,1,1,100000000
3168,Tardeo,5.0,0,1,1,1,1.0,1,1,1,1,1,0,1,0,1,140000000
930,Vasai,2.0,1,0,1,1,1.0,1,1,0,1,1,1,0,1,0,4600000
1200,Malad East,2.0,1,1,1,1,1.0,1,1,1,1,1,1,0,1,1,16500000
850,Dattapada,2.0,0,0,1,1,1.0,1,0,0,0,0,0,0,0,0,16000000
775,Bhandup West,1.0,0,1,1,1,0.0,1,0,1,0,0,0,1,1,1,13000000
2376,Wadala,3.0,1,1,1,1,0.0,1,1,1,0,1,0,0,1,1,45100000
1225,Bhandup West,3.0,0,1,1,1,0.0,1,1,1,1,1,0,1,1,1,21500000
1100,Magathane,2.0,0,0,1,1,1.0,1,0,0,0,0,0,0,0,0,22500000
890,Krishanlal Marwah Marg,2.0,0,0,0,1,0.0,1,0,0,0,0,0,0,0,0,16000000
550,Shakti Nagar,1.0,0,0,0,0,0.0,1,0,0,0,0,0,0,0,0,7600000
750,Naigaon East,1.0,1,1,1,1,0.0,1,1,0,1,1,0,0,1,0,4300000
655,Kharghar,1.0,0,0,1,1,1.0,1,0,0,0,0,0,0,0,0,4803000
1050,Chembur,2.0,0,0,0,1,0.0,1,0,0,0,0,0,0,0,0,16200000
1415,Kharghar,3.0,0,1,1,1,1.0,1,0,1,1,1,1,0,1,1,11000000
907,Borivali East,2.0,0,1,1,1,0.0,1,0,0,0,1,0,1,0,0,15500000
1000,raheja vihar,2.0,0,0,1,1,1.0,1,0,0,0,0,0,0,0,0,17900000
650,Kharghar,1.0,0,1,1,1,1.0,1,0,1,1,1,0,0,1,0,4500000
675,Ambarnath,1.0,1,1,1,1,0.0,1,1,0,1,0,0,0,0,0,2548000
1342,Goregaon,2.0,1,1,1,1,1.0,1,1,1,1,1,1,0,1,1,18000000
600,Kamothe,1.0,0,0,0,1,1.0,1,0,0,0,0,0,0,0,0,5000000
560,Sector 15,1.0,0,0,0,1,1.0,1,0,0,0,0,0,0,0,0,6000000
600,Ulwe,1.0,0,0,0,1,1.0,1,0,0,0,0,0,0,0,0,4000000
1550,Kharghar,3.0,0,0,1,1,1.0,1,0,0,1,1,0,0,0,0,11399999
700,Kharghar,1.0,0,1,1,1,1.0,1,1,1,1,1,0,0,1,1,5200000
1780,Kharghar,3.0,0,1,1,1,1.0,1,0,1,1,0,0,0,1,1,15000000
2030,Goregaon West,3.0,1,1,1,1,1.0,1,1,1,1,1,1,0,1,1,36500000
1850,Kharghar,3.0,0,1,1,1,1.0,1,1,1,1,1,0,0,1,1,22500000
550,Thane,2.0,0,1,1,1,1.0,1,0,1,0,0,0,0,0,0,6600000
765,Kharghar,1.0,0,1,1,1,1.0,1,1,1,1,1,0,0,1,1,6000000
1100,Sector-18 Ulwe,2.0,0,0,1,1,1.0,1,0,0,0,0,0,0,0,0,9500000
1047,Malad West,2.0,1,1,1,1,0.0,1,1,1,1,1,0,0,1,1,15500000
670,Kharghar,1.0,0,1,1,1,0.0,1,1,1,0,1,0,0,1,1,5600000
570,Kharghar,1.0,0,0,1,1,1.0,1,0,0,1,0,0,0,0,0,5000000
1000,Andheri,2.0,0,1,1,1,1.0,1,0,1,0,1,0,0,0,1,14000000
670,Borivali West,1.0,0,0,1,1,0.0,1,0,0,0,0,0,0,0,0,11000000
670,Kharghar,1.0,0,1,1,1,1.0,1,0,1,1,1,0,0,1,1,5500000
650,Kharghar,1.0,0,1,1,1,1.0,1,1,1,1,1,0,0,1,1,5600000
1050,Samata nagar,2.0,0,0,1,1,1.0,1,0,0,0,0,0,0,0,0,21000000
2305,Breach Candy,4.0,0,0,1,1,1.0,0,0,0,0,1,0,0,0,0,150000000
2016,Andheri East,3.0,1,1,1,1,0.0,1,1,1,1,1,1,0,1,1,33400000
1800,Grant Road West,3.0,0,0,1,1,1.0,0,0,0,0,1,0,0,0,0,50000000
1145,Kalwa,2.0,0,0,0,1,1.0,1,0,0,0,0,0,0,0,0,20099999
1455,Sector 18 Kharghar,3.0,0,0,1,1,1.0,1,0,0,1,0,0,0,0,0,13000000
2153,Goregaon,3.0,1,1,1,1,0.0,1,1,1,1,1,1,0,1,1,30200000
500,Naigaon East,1.0,0,1,1,1,0.0,1,0,0,0,1,0,0,0,0,2300000
4650,Andheri West,5.0,1,1,1,1,0.0,1,1,1,1,1,0,0,1,1,139500000
555,Dombivali East,1.0,0,1,1,1,1.0,1,0,0,0,0,0,0,0,0,3800000
1000,Andheri,2.0,0,0,0,1,1.0,1,0,0,0,0,0,0,0,0,24000000
1050,Kharghar,2.0,0,0,1,1,1.0,1,0,0,0,0,0,0,1,0,7500000
1175,Khar West,3.0,0,0,0,0,0.0,0,0,0,0,0,0,0,0,0,65000000
619,Sector 21 Kamothe,1.0,0,1,1,1,1.0,1,0,0,0,0,0,0,0,0,5600000
800,Mulund West,2.0,0,0,1,1,0.0,1,0,0,0,0,0,0,1,0,12500000
550,Kharghar,1.0,0,1,1,1,1.0,1,1,1,0,1,0,1,1,1,5500000
575,Kalyan,2.0,1,0,1,0,0.0,0,0,0,0,0,0,0,0,1,3600000
1650,Kharghar,3.0,0,1,1,1,1.0,1,0,1,1,0,0,0,1,1,16600000
2080,Karave Nagar,3.0,0,1,1,1,1.0,1,0,0,0,0,0,0,0,0,39400000
1515,Kharghar,3.0,0,1,1,1,0.0,1,1,1,1,1,1,0,1,1,16000000
1500,Malad West,3.0,1,0,1,0,0.0,0,0,0,0,0,0,0,0,1,23300000
1800,Andheri West,4.0,0,1,1,1,0.0,1,0,0,0,1,0,1,0,0,30000000
1466,Haji Ali,2.0,0,1,1,1,1.0,1,1,1,1,1,1,1,0,1,70000000
2110,Powai,3.0,0,1,1,1,1.0,1,1,1,1,1,1,0,0,1,180000000
2014,Ghatkopar West,3.0,0,1,1,1,0.0,1,1,1,1,1,0,1,1,1,72500000
957,Ghatkopar,2.0,1,1,1,1,1.0,1,1,1,1,1,1,0,1,1,12000000
620,Kamothe,1.0,0,1,1,1,1.0,1,0,1,0,0,0,0,0,0,5460000
1170,Malad West,2.0,0,1,1,1,0.0,1,1,1,1,1,0,0,1,1,15200000
675,Dombivali East,1.0,1,0,1,1,0.0,1,0,0,0,1,0,0,0,0,5400000
2826,Worli,3.0,0,0,1,1,0.0,1,0,0,0,1,0,0,0,1,106000000
650,Kandivali West,1.0,0,0,1,1,0.0,1,1,1,1,1,0,1,1,1,8600000
1150,Kharghar,2.0,0,1,1,1,1.0,1,1,1,1,0,1,0,1,1,8500000
552,Borivali East,1.0,1,1,1,1,0.0,1,0,0,0,1,0,1,0,0,10000000
1850,Malad West,3.0,1,1,0,0,0.0,0,1,0,0,0,0,0,0,1,40199999
1872,Goregaon,4.0,1,1,1,1,0.0,1,1,1,1,1,0,0,1,1,41200000
867,Borivali West,2.0,1,0,1,1,0.0,1,0,0,0,0,0,0,0,0,15900000
1120,Kapur Bawdi,2.0,0,0,1,1,1.0,1,0,0,0,0,0,0,0,0,13200000
1147,Kharghar,2.0,0,1,1,1,1.0,1,1,1,1,1,0,0,1,1,12500000
1050,Kharghar,2.0,0,0,1,1,1.0,1,0,0,0,0,0,0,0,0,8000000
1245,Airoli,2.0,0,0,1,1,1.0,1,0,0,0,0,0,0,0,0,14800000
650,Malad West,1.0,1,0,1,1,0.0,1,0,0,0,0,0,0,0,0,11000000
650,Mira Road East,1.0,0,0,1,1,1.0,0,1,0,0,0,0,1,0,0,4600000
320,Mira Road and Beyond,1.0,0,0,0,0,0.0,1,0,0,0,0,0,1,0,0,3000000
666,Chembur,1.0,0,0,0,1,0.0,1,0,0,0,0,0,0,0,0,12900000
1250,Magathane,3.0,0,0,0,1,1.0,1,0,0,0,0,0,0,0,0,27000000
720,Kharghar,1.0,0,0,1,1,1.0,1,0,0,0,0,0,0,0,0,4850000
645,Titwala,2.0,1,0,1,1,0.0,1,0,0,0,0,0,0,0,0,2580000
612,Kharghar,1.0,0,0,0,1,1.0,1,0,0,0,0,0,1,0,0,5300000
2950,Kharghar,4.0,0,1,1,1,1.0,1,1,0,1,1,0,0,0,1,30000000
1060,Taloja,2.0,0,0,0,1,1.0,1,0,0,0,0,0,0,0,0,5700000
1390,Kharghar,3.0,0,1,1,1,1.0,1,1,1,1,0,0,0,1,1,13500000
1065,Kamothe,2.0,0,1,0,1,1.0,1,0,0,0,0,0,0,0,0,7900000
1310,Malad West,3.0,1,1,1,1,0.0,1,1,1,1,1,0,0,1,1,21500000
1150,Koper Khairane,2.0,0,1,1,1,1.0,1,0,1,0,0,0,0,0,0,10500000
2500,Lower Parel,3.0,1,1,1,1,1.0,1,1,1,1,1,1,1,1,1,60000000
1220,Kalyan West,3.0,0,0,0,0,0.0,1,0,1,0,1,0,0,0,0,7500000
1470,Andheri West,3.0,0,0,1,0,1.0,1,0,0,0,0,0,0,0,0,31200000
1100,Koldongri,3.0,0,0,1,1,1.0,1,0,1,0,0,0,0,0,0,26500000
1040,Sector 23 Ulwe,2.0,1,0,0,0,0.0,0,0,0,0,0,0,0,0,0,6000000
950,Kapurbawadi,2.0,0,1,1,1,1.0,1,0,0,0,0,0,0,0,0,12000000
416,Sector 20 Kharghar,1.0,0,0,0,0,1.0,1,0,0,0,0,0,0,0,0,2700000
1414,Kharghar,3.0,0,1,1,1,0.0,1,0,0,0,1,0,0,0,1,13500000
3498,Worli,3.0,0,1,1,1,1.0,1,1,1,1,1,1,0,1,1,80000000
1000,Kharghar,2.0,0,1,1,1,1.0,1,1,1,0,1,0,0,1,1,7300000
646,Kharghar,1.0,0,0,1,1,1.0,1,0,0,1,0,0,1,0,0,4200000
700,Mira Road East,1.0,0,1,1,1,0.0,1,1,1,1,1,0,0,1,1,4800000
585,Naigaon East,1.0,1,1,1,1,0.0,1,1,1,1,1,0,0,1,0,3200000
1251,Sector 15,2.0,0,0,0,1,1.0,1,0,0,0,0,0,0,0,0,12700000
1645,Kharghar,3.0,0,1,1,1,1.0,1,0,1,1,0,0,0,1,1,15500000
1000,Sector 20 Kharghar,2.0,0,0,0,1,1.0,1,0,0,0,0,0,0,0,0,8000000
556,Bhandup West,1.0,0,0,0,1,1.0,0,1,0,0,0,0,0,0,0,9200000
3888,Goregaon West,4.0,0,1,1,1,1.0,1,1,1,1,1,1,0,1,1,81600000
550,Kharghar,1.0,0,0,1,1,1.0,1,0,0,1,0,0,0,0,0,5000000
1527,Ghatkopar,3.0,1,1,1,1,0.0,1,1,1,0,1,1,0,1,1,22000000
887,Kamothe,2.0,0,1,1,1,1.0,1,0,1,0,0,0,0,0,0,7100000
1286,Nerul,2.0,0,1,1,1,1.0,1,1,1,1,1,1,0,1,1,15200000
1450,Worli,3.0,1,1,1,1,1.0,1,1,0,1,1,1,1,1,1,62000000
873,Dahisar,2.0,0,0,1,1,1.0,1,0,0,0,0,0,0,0,0,35000000
550,Suburbs Mumbai,1.0,0,1,0,1,1.0,1,0,0,0,0,0,0,0,0,11100000
3500,Upper Worli,7.0,0,0,1,1,1.0,0,0,0,0,1,0,0,0,0,120000000
1361,Andheri West,2.0,0,0,1,0,1.0,1,0,0,0,1,0,0,0,1,27000000
1680,Kharghar,3.0,0,1,1,1,1.0,1,1,1,1,1,1,1,1,1,15000000
735,Ulwe,1.0,1,0,1,1,0.0,1,0,0,0,0,0,0,0,0,5000000
1660,Kharghar,3.0,0,1,1,1,0.0,1,1,1,1,0,0,0,1,1,16500000
560,thakur village kandivali east,1.0,0,0,0,0,0.0,0,0,0,0,0,0,0,0,0,9000000
1200,Sector 18 Kharghar,2.0,0,0,1,1,0.0,1,0,0,0,1,0,0,0,0,14000000
650,Kamothe,2.0,0,1,1,1,1.0,1,0,0,0,0,0,0,0,0,4950000
1605,Kharghar,3.0,0,1,1,1,1.0,1,1,1,1,1,1,0,1,1,15500000
2200,Wadala East Wadala,3.0,0,0,1,1,1.0,1,0,0,0,1,0,0,0,0,56000000
670,taloja panchanand,2.0,0,1,1,1,1.0,1,0,1,0,1,0,0,0,1,3500000
665,Taloja,1.0,0,0,0,1,1.0,1,0,0,0,0,0,0,0,0,4000000
1750,Sanpada,3.0,1,0,1,1,0.0,1,0,0,1,1,0,1,1,0,22500000
625,Chembur,1.0,0,0,0,1,0.0,1,0,0,0,0,0,0,0,0,14100000
1985,Sector 20 Kharghar,3.0,0,0,1,1,1.0,1,0,0,0,0,0,0,0,0,14800000
1120,Chembur East,2.0,0,1,1,1,1.0,1,0,0,0,0,0,0,0,0,24500000
620,Kalwa,1.0,0,1,1,1,1.0,1,0,1,0,0,0,0,0,0,6000000
1010,Karanjade,2.0,1,0,1,1,1.0,1,0,0,1,1,1,0,1,0,6400000
995,Sector12 Kamothe,2.0,0,1,1,1,1.0,1,0,0,0,0,0,0,0,0,7000000
1209,Thane West,2.0,1,1,1,1,0.0,1,1,1,0,1,0,0,1,1,11900000
1650,Sector-50 Seawoods,3.0,0,0,1,1,0.0,0,0,0,0,0,0,1,0,0,16000000
650,Ulwe,1.0,0,0,1,1,1.0,1,0,0,1,0,0,0,1,0,4500000
1200,Malad East,3.0,1,1,1,0,0.0,1,1,1,0,1,1,0,1,1,30000000
1055,Sector 2 Ulwe,2.0,0,1,0,1,1.0,1,0,0,0,0,0,0,0,0,7600000
1600,Kharghar,3.0,0,1,1,1,0.0,1,0,1,0,0,0,0,1,1,16500000
385,Ulwe,1.0,0,0,0,1,1.0,1,0,0,0,0,0,0,0,1,2750000
1195,Kharghar,2.0,0,1,1,1,0.0,1,1,1,1,1,0,0,1,1,9350000
1245,Airoli,2.0,1,0,1,1,0.0,0,0,0,0,0,0,1,0,0,14900000
600,Nala Sopara,1.0,1,0,1,1,0.0,1,0,0,0,1,0,1,0,0,2650000
710,Kamothe,1.0,0,1,0,1,1.0,1,0,1,0,0,0,0,0,0,5700000
1175,Kamothe,2.0,0,1,1,1,1.0,1,0,1,1,0,0,0,1,1,8725000
650,Kharghar,1.0,0,0,1,1,1.0,1,0,0,0,0,0,1,0,0,4500000
600,Badlapur,1.0,1,0,1,1,0.0,1,1,0,1,0,0,0,0,0,2010000
674,Kolshet Road,2.0,0,0,0,1,1.0,1,0,0,0,0,0,0,0,0,12400000
1300,Kandivali West,3.0,0,0,1,1,0.0,1,0,0,1,0,0,1,0,0,32000000
5476,Lower Parel,5.0,1,1,1,1,0.0,1,1,1,0,1,0,1,0,1,360000000
457,Mumbai Nashik Expressway,1.0,0,0,1,1,1.0,0,0,0,0,1,0,0,0,0,4500000
690,Kolshet Road,2.0,0,0,0,1,1.0,1,0,0,0,0,0,0,0,0,12100000
695,Taloja,1.0,0,0,1,1,1.0,1,0,0,0,0,0,1,0,0,2900000
1721,Dahisar,3.0,0,0,1,1,1.0,1,0,0,0,0,0,0,0,0,44000000
375,Mulund East,1.0,0,0,1,1,1.0,1,0,0,0,1,0,0,0,0,2800000
508,Vasant Vihar,1.0,0,1,1,1,1.0,1,0,0,0,0,0,0,0,0,7200000
1600,Sector-18 Ulwe,3.0,0,0,1,1,1.0,1,0,0,0,0,0,0,0,0,12000000
585,Mulund West,1.0,0,0,0,1,0.0,1,0,0,0,0,0,0,0,0,9800000
1025,taloja panchanand,2.0,0,0,1,1,1.0,1,0,0,0,1,0,0,0,1,5800000
960,CBD Belapur East,2.0,0,1,0,0,0.0,0,0,0,0,0,0,0,0,1,11500000
750,Virar West,2.0,0,1,1,1,1.0,1,0,0,0,0,0,0,0,0,4200000
2000,Worli,3.0,0,0,1,1,1.0,1,0,0,0,0,0,0,0,0,85000000
765,Kharghar,1.0,0,1,1,1,1.0,1,1,1,1,1,0,1,1,1,6000000
1485,Chembur East,3.0,0,1,1,1,1.0,1,0,0,0,0,0,0,0,0,39600000
610,Sector 20 Kharghar,1.0,0,0,0,1,1.0,1,0,0,0,0,0,0,0,0,5600000
2320,Yari Road,5.0,0,0,1,1,1.0,0,0,0,0,1,0,0,0,0,100000000
1735,Wadala,3.0,0,1,1,1,0.0,1,1,1,1,1,1,1,1,1,40000000
1000,Kharghar,2.0,0,0,1,1,1.0,1,0,0,0,0,0,0,0,0,7050000
650,Kharghar,1.0,0,0,1,1,1.0,1,0,0,0,0,0,0,0,0,4300000
550,Kharghar,1.0,0,1,1,1,1.0,1,1,1,1,0,0,0,1,1,5500000
450,Sector-26 Taloja,1.0,0,1,1,0,0.0,1,0,1,1,0,0,1,0,1,2100000
690,Wadala East Wadala,1.0,0,1,1,1,1.0,1,0,0,0,0,0,0,0,0,14000000
500,Sector 19 Nerul,1.0,0,0,0,0,0.0,1,0,0,0,0,0,0,0,0,6500000
635,Sector 19 Kharghar,1.0,0,0,0,1,1.0,1,0,0,0,0,0,0,0,0,5600000
1005,Taloja,2.0,0,0,0,1,1.0,1,0,0,0,0,0,0,0,0,4700000
1107,Vasai,3.0,1,0,1,1,0.0,1,0,0,0,1,0,0,0,0,7500000
550,Pokhran 2,1.0,0,0,1,1,1.0,1,0,0,0,0,0,0,0,0,7575000
1650,Kharghar,3.0,0,1,1,1,1.0,1,1,1,1,1,0,0,1,1,22000000
900,Kamothe,2.0,0,1,1,1,1.0,1,0,1,0,0,0,0,0,0,6900000
650,Vasai,2.0,0,0,0,1,0.0,1,1,0,0,1,0,0,0,0,4500000
900,Lokhandwala Township,2.0,0,0,0,1,0.0,0,0,0,0,0,0,1,0,0,10500000
1320,Sector 18,2.0,0,0,0,1,1.0,1,0,0,0,0,0,0,0,0,14000000
1200,kavesar,2.0,0,0,1,1,1.0,1,0,0,0,0,0,0,0,0,9497000
650,Sector 23 Ulwe,1.0,0,1,1,1,1.0,1,1,1,0,1,0,1,0,0,4900000
1300,Samata nagar,3.0,0,0,1,1,1.0,1,0,0,0,0,0,0,0,0,24500000
650,Govandi,1.0,0,1,1,1,1.0,1,0,0,0,0,0,0,0,0,11500000
980,Ulwe,2.0,0,1,0,1,1.0,1,0,0,0,0,0,0,0,1,7500000
1225,Kalpataru,2.0,0,0,1,1,1.0,1,0,0,0,0,0,0,0,0,19500000
1650,Kharghar,3.0,0,1,1,1,1.0,1,0,1,1,0,0,0,1,1,16200000
400,mumbai,2.0,0,1,1,1,1.0,1,0,1,0,0,0,0,0,0,3500000
555,Kharghar,1.0,0,0,1,1,1.0,1,0,0,1,1,0,0,0,0,6000000
1890,Kandivali East,4.0,0,1,1,1,1.0,1,1,1,1,1,1,1,1,1,28000000
1078,Kharghar,2.0,0,1,1,1,1.0,1,1,1,1,1,1,0,1,1,10000000
245,Mira Road East,1.0,1,0,0,1,0.0,1,0,0,0,1,0,1,0,0,2100000
750,Govind nagar,2.0,0,0,0,1,1.0,1,0,0,0,0,0,0,0,0,11299999
473,Thane West,1.0,1,1,1,1,1.0,1,1,1,1,1,1,0,1,1,6990000
1300,Kharghar,3.0,0,1,1,1,1.0,1,1,1,0,1,0,0,1,1,13500000
1209,Majiwada,2.0,0,0,1,1,1.0,1,0,0,0,0,0,0,0,0,10800000
670,Malad East,1.0,1,1,1,1,0.0,1,1,1,1,1,0,0,1,1,8000000
625,Mumbai Central,1.0,0,1,1,1,1.0,1,0,1,0,0,0,0,0,0,2100000
650,Pandurangwadi,1.0,0,0,1,1,1.0,1,0,0,0,0,0,0,0,0,11500000
480,Badlapur,1.0,0,0,1,1,1.0,0,0,0,0,1,0,0,0,0,2400000
395,Karanjade,1.0,1,0,1,1,1.0,1,0,0,1,1,0,0,1,0,2100000
380,Sector-12 Kamothe,1.0,0,0,0,1,1.0,1,0,0,0,0,0,0,0,0,2600000
495,Borivali West,1.0,0,0,1,1,0.0,0,0,0,0,0,0,0,0,0,7500000
950,Kharghar,2.0,0,1,1,1,1.0,1,0,1,1,0,0,0,1,1,9500000
710,Taloja,1.0,0,0,0,1,1.0,1,0,0,0,0,0,0,0,0,3500000
913,Kandivali West,2.0,1,1,1,1,1.0,1,1,1,1,1,1,0,1,0,12800000
2730,Dahisar,4.0,0,0,1,1,1.0,1,0,0,0,0,0,0,0,0,59500000
1335,Belapur,2.0,0,0,1,1,1.0,1,0,1,0,0,0,0,0,0,18000000
550,Kharghar,1.0,0,0,1,1,1.0,1,0,0,1,0,0,0,0,0,4500000
500,Naigaon East,1.0,0,0,1,1,0.0,1,0,0,0,0,0,0,0,0,2050000
915,Andheri East,2.0,0,1,1,1,1.0,1,1,1,1,1,1,1,1,1,15000000
1950,Chembur,3.0,0,1,1,1,1.0,1,0,0,0,0,0,0,0,0,43700000
1117,Kharghar,2.0,0,0,0,1,1.0,1,0,0,0,0,0,0,0,0,11100000
660,Kharghar,1.0,0,1,1,1,1.0,1,0,1,1,1,0,0,1,1,5300000
1435,Juhu,3.0,1,1,1,1,0.0,1,0,0,1,0,0,0,1,1,60100000
560,Thane West,1.0,0,1,1,0,1.0,1,0,0,0,1,0,0,0,1,7500000
972,Mira Road East,2.0,1,1,0,0,1.0,0,1,1,1,0,1,1,1,1,8100000
440,Mira Road East,1.0,1,0,1,1,0.0,1,0,0,0,1,0,1,0,0,3700000
1350,Dattapada,3.0,0,0,1,1,1.0,1,0,0,0,0,0,0,0,0,28500000
1005,Panvel,2.0,0,1,1,1,1.0,1,0,0,0,0,0,0,0,0,8200000
874,Malad West,2.0,0,1,1,1,0.0,1,0,0,1,1,0,0,0,0,16000000
1840,Borivali East,3.0,0,1,1,1,1.0,1,1,1,1,1,1,0,1,1,26000000
1175,Palm Beach,2.0,0,1,1,1,1.0,1,1,1,1,1,1,0,1,1,16500000
750,Pokhran Road No 2,2.0,0,0,1,1,1.0,1,0,0,0,0,0,0,0,0,12800000
5500,Santacruz East,4.0,1,1,1,1,1.0,1,1,1,1,1,1,1,1,1,45000000
630,mumbai,1.0,0,1,1,1,1.0,1,0,1,0,0,0,0,0,0,2116000
1050,Thakur Village,2.0,0,0,1,1,1.0,1,0,0,0,0,0,0,0,0,23500000
1220,Ulwe,2.0,1,1,1,1,1.0,1,1,1,1,1,1,1,1,1,10300000
699,Bhayandarpada,2.0,0,1,1,1,1.0,1,0,0,0,0,0,0,0,0,7200000
950,Wadala East Wadala,1.0,0,1,1,1,1.0,1,0,0,0,0,0,0,0,0,13500000
620,Andheri,2.0,0,0,0,1,1.0,1,0,0,0,0,0,0,0,0,21000000
425,Kharegaon,1.0,0,0,1,1,1.0,1,0,0,0,0,0,0,0,0,3700000
640,Kharghar,1.0,0,1,1,1,1.0,1,0,1,0,0,0,0,1,1,4300000
815,Ghatkopar,2.0,1,1,1,1,0.0,1,1,1,1,1,1,0,1,1,15000000
1245,Eastern Express Highway Vikhroli,2.0,0,1,1,1,1.0,1,0,0,0,0,0,0,0,0,17000000
585,Chembur,1.0,0,1,1,1,1.0,1,0,0,0,0,0,0,0,0,11000000
675,Chembur East,1.0,0,1,1,1,1.0,1,0,0,0,0,0,0,0,0,12000000
1131,Kharghar,2.0,0,1,1,1,1.0,1,0,1,0,0,0,0,0,1,11000000
2120,Nerul,3.0,0,0,1,1,1.0,1,0,1,0,0,0,0,0,0,38000000
1835,Samata Nagar Thakur Village,3.0,0,1,1,1,0.0,1,1,0,1,1,0,1,0,1,35000000
1235,Mira Road East,2.0,1,1,1,1,0.0,1,1,1,1,1,1,0,1,1,12900000
500,Jawahar Nagar,1.0,0,0,1,1,1.0,1,0,0,0,0,0,0,0,0,8800000
1192,Kamothe Sector 16,2.0,0,0,1,1,1.0,1,0,0,0,0,0,0,0,0,9400000
1500,Mumbai Highway,3.0,0,1,0,1,0.0,1,0,0,0,1,0,0,0,1,19000000
946,Mahalaxmi,2.0,0,1,1,1,1.0,1,0,0,1,1,0,0,0,1,52500000
735,Sector 35I Kharghar,1.0,0,0,0,1,1.0,1,0,0,0,0,0,0,0,0,7000000
1500,Goregaon West,3.0,0,1,1,1,0.0,1,0,1,0,0,0,0,1,1,21500000
1618,Goregaon East,3.0,1,0,1,0,0.0,1,0,0,0,0,0,0,0,1,29400000
650,Karanjade,1.0,1,0,1,1,1.0,1,0,0,1,1,0,1,1,0,4700000
1320,Parel,2.0,0,0,1,1,0.0,1,0,0,0,1,0,0,0,1,35900000
1395,Kharghar,3.0,0,1,1,1,1.0,1,1,1,0,0,0,0,1,1,13000000
690,Sector12 Kamothe,1.0,0,0,1,1,1.0,1,0,0,0,0,0,0,0,0,5000000
670,Kalyan,1.0,1,0,1,1,1.0,1,1,0,1,1,1,0,1,1,3985000
900,Almeida Park,2.0,0,0,1,1,1.0,0,0,0,0,0,0,1,0,0,36000000
1000,Kharghar,2.0,0,1,1,1,1.0,1,0,1,0,0,0,0,1,1,9500000
690,Ambernath East,1.0,0,1,1,1,1.0,1,1,1,0,1,0,0,1,1,2300000
3140,Andheri West,3.0,1,1,1,1,0.0,1,1,1,1,1,0,1,1,1,119900000
1120,Andheri,2.0,0,1,1,1,1.0,1,0,0,0,0,0,0,0,0,3900000
791,Dombivali,2.0,0,1,1,1,1.0,1,1,1,1,1,1,0,1,1,5000000
1165,Magathane,2.0,0,0,1,1,1.0,1,0,0,0,0,0,0,0,0,19000000
1800,Kharghar,2.0,0,1,1,1,1.0,1,0,1,1,0,0,0,1,1,13000000
2695,Wadala,4.0,1,1,1,1,1.0,1,1,1,1,1,0,0,1,1,65000000
810,Mumbai Highway,2.0,0,1,1,1,0.0,1,0,0,0,0,0,0,0,0,8000000
594,Majiwada,1.0,0,1,1,1,1.0,1,0,0,0,0,0,0,0,0,8500000
1565,Kamothe,3.0,0,0,0,1,1.0,1,0,0,0,0,0,0,0,0,12400000
545,Nalasopara West,1.0,0,0,1,1,0.0,0,0,0,0,0,0,0,0,0,3000000
1050,Kharghar,2.0,0,0,1,1,1.0,1,0,0,1,0,0,0,1,0,7500000
950,Dattapada,2.0,0,0,0,1,1.0,1,0,0,0,0,0,0,0,0,15000000
422,Petali,1.0,0,0,1,1,1.0,1,0,0,0,0,0,0,0,0,3800000
700,Pant Nagar,1.0,0,1,1,1,1.0,1,0,0,0,0,0,0,0,0,14000000
665,Kamothe,1.0,0,0,1,1,1.0,1,0,0,0,0,0,0,0,0,5500000
7000,Kalyan,6.0,0,0,0,1,1.0,1,0,0,0,0,0,0,0,0,50000000
1140,Thane West,3.0,1,1,1,1,1.0,1,1,1,1,1,1,0,1,1,13500000
1250,Sector 21 Kamothe,2.0,0,1,1,1,1.0,1,0,0,0,0,0,0,0,0,9500000
1200,Malad East,2.0,1,0,0,0,0.0,0,0,0,0,0,0,0,0,0,19500000
3300,Andheri West,4.0,1,0,0,0,0.0,0,0,0,0,0,0,0,0,0,110000000
670,Karanjade,1.0,1,0,1,1,1.0,1,0,0,0,1,0,1,1,0,4000000
566,Dahisar,1.0,1,1,1,1,0.0,1,1,0,1,0,0,0,0,0,6500000
1089,Kamothe,2.0,0,1,0,1,1.0,1,0,0,0,0,0,0,0,0,8500000
686,Dombivali East,2.0,0,0,1,1,1.0,0,0,0,0,1,0,0,0,0,5800000
620,Morya Nagar,1.0,0,0,0,0,0.0,0,0,0,0,0,0,0,0,0,3300000
2000,Peddar Road,3.0,0,0,1,1,1.0,1,0,0,1,0,1,1,0,0,100000000
1500,Sector 21 Kharghar,3.0,0,0,1,0,1.0,1,0,0,0,0,0,0,0,0,9200000
1050,Kharghar,2.0,0,1,1,1,1.0,1,0,1,1,1,1,1,1,1,10200000
1065,Ranjanpada,2.0,0,0,0,1,1.0,1,0,0,0,0,0,0,0,0,9500000
1100,kavesar,2.0,0,0,1,1,1.0,1,0,0,0,0,0,0,0,0,9600000
1170,Kandivali East,3.0,0,0,1,1,1.0,1,0,0,0,0,0,0,0,0,28200000
1415,Kharghar,3.0,0,1,1,1,1.0,1,1,1,1,1,1,0,1,1,11000000
640,Kharghar,1.0,0,0,1,0,1.0,1,0,0,0,0,0,0,0,0,3700000
995,dhanukarwadi,3.0,0,0,1,1,1.0,1,0,0,0,0,0,0,0,0,22200000
673,Kolshet Road,2.0,0,0,0,1,1.0,1,0,0,0,0,0,0,0,0,12400000
1450,Magathane,3.0,0,0,1,1,1.0,1,0,0,0,0,0,0,0,0,26500000
1175,Vasai West,3.0,0,0,0,0,0.0,1,0,0,0,0,0,0,0,0,8500000
1635,Kharghar,3.0,0,1,1,1,1.0,1,1,0,1,1,0,1,0,1,15000000
650,Sector 30,1.0,0,0,0,1,1.0,1,0,0,0,0,0,0,0,0,5500000
779,Kolshet Road,2.0,0,1,1,1,1.0,1,0,1,0,1,0,1,0,0,8800000
1045,Goregaon West,2.0,0,1,1,1,1.0,1,1,1,1,1,1,1,1,1,26000000
1150,Tilak Nagar,2.0,0,0,1,0,1.0,1,0,0,0,0,0,0,0,0,18500000
530,Karanjade,1.0,1,0,1,1,1.0,1,0,0,1,1,1,0,1,0,2850000
1073,Chembur East,2.0,1,0,1,1,0.0,1,0,0,0,0,0,0,0,0,19500000
2700,Borivali West,5.0,0,1,1,1,0.0,1,1,1,1,1,0,1,1,1,52500000
1000,Kharghar,2.0,0,1,1,1,1.0,1,1,0,1,1,0,0,0,0,9000000
700,Khar,2.0,0,0,1,1,0.0,1,1,0,1,1,0,0,0,0,35000000
600,Tolaram Colony,1.0,0,1,1,1,1.0,1,0,0,0,0,0,0,0,0,11500000
400,Kharegaon,1.0,0,0,1,1,1.0,1,0,0,0,0,0,0,0,0,2000000
550,Kalyan East,1.0,0,0,1,1,0.0,1,1,0,0,1,0,0,1,0,3500000
1655,Kharghar,3.0,0,0,0,1,1.0,1,0,0,0,0,0,0,0,0,14500000
1140,Kharghar,2.0,0,1,1,1,0.0,1,1,1,0,1,1,0,1,1,10000000
1101,Kamothe,2.0,0,1,0,1,1.0,1,0,0,0,0,0,0,0,0,6800000
1225,Kamothe,2.0,0,0,0,1,1.0,1,0,0,0,0,0,0,0,0,9500000
1600,Kharghar,3.0,0,1,1,1,0.0,1,0,1,0,0,0,0,1,1,17500000
600,Sector 36 Kharghar,1.0,0,0,0,1,1.0,1,0,0,0,0,0,0,0,0,4600000
550,Kharghar,1.0,0,0,1,1,1.0,1,0,0,0,0,0,0,0,0,4500000
1050,Andheri East,2.0,0,1,1,1,0.0,1,0,1,0,1,0,0,0,0,12000000
650,Mira Road East,2.0,0,0,1,0,0.0,1,0,0,0,0,0,0,0,0,6000000
575,Kanjurmarg,1.0,0,1,1,1,0.0,1,0,1,0,0,0,1,1,1,8500000
530,Sector 11 Kamothe,1.0,0,0,0,1,1.0,1,0,0,0,0,0,0,0,0,4400000
1225,Kamothe,2.0,0,0,0,1,1.0,1,0,0,0,0,0,0,0,0,9800000
878,Chembur,1.0,1,1,1,1,0.0,1,1,1,0,1,0,0,1,1,12500000
985,Bhiwandi,2.0,1,1,1,1,1.0,1,1,1,1,1,1,0,1,1,7500000
1075,Kharghar,2.0,0,1,1,1,1.0,1,1,1,0,1,1,0,1,1,9500000
730,Ganesh Nagar,2.0,0,0,1,1,1.0,1,0,0,0,0,0,0,0,0,21000000
686,Nala Sopara,1.0,0,1,1,1,0.0,1,1,0,0,1,0,0,1,1,2600000
1050,Kharghar,2.0,0,0,0,1,1.0,1,0,0,0,0,0,0,0,0,9500000
1296,Vasai,2.0,0,1,1,1,1.0,1,1,1,1,1,1,1,0,1,48000000
1595,Dombivali,2.0,0,1,1,1,0.0,1,1,1,1,1,1,0,1,1,10000000
1245,Sector 17 Ulwe,2.0,0,0,1,1,1.0,1,0,0,0,0,0,0,0,0,11100000
2450,Andheri West,4.0,0,1,1,1,1.0,1,1,1,0,1,1,1,1,1,65000000
3150,Worli,4.0,0,1,1,1,1.0,1,1,1,1,1,1,0,1,1,122500000
965,Nala Sopara,2.0,1,0,1,1,1.0,1,1,0,1,1,0,0,0,0,4800000
680,Kharghar,1.0,0,0,1,1,1.0,1,0,0,1,0,0,0,0,0,4200000
900,Jankalyan Nagar,1.0,0,0,1,1,1.0,1,0,0,0,1,0,0,0,0,9600000
1250,Chembur East,2.0,1,0,1,1,0.0,1,0,0,0,0,0,0,0,0,16500000
590,Naigaon East,1.0,1,1,1,1,1.0,1,1,1,1,1,0,0,1,1,2750000
1127,Kalyan West,2.0,0,1,1,1,0.0,1,1,1,1,1,1,0,1,1,7600000
620,azad nagar,2.0,0,0,0,1,1.0,1,0,0,0,0,0,0,0,0,21000000
1179,Thane West,2.0,1,1,1,1,1.0,1,1,1,1,0,1,0,1,1,11600000
667,Sector 17 Ulwe,1.0,0,0,1,1,0.0,1,1,0,1,1,0,0,0,0,5200000
910,Goregaon West,2.0,1,1,1,1,1.0,1,1,1,1,1,1,0,1,1,13500000
1255,Kharghar,2.0,0,1,1,1,1.0,1,1,1,1,1,1,0,1,1,11000000
1070,Taloja,2.0,0,0,0,1,1.0,1,0,0,0,0,0,0,0,0,6000000
650,Malad,1.0,1,1,1,1,0.0,1,0,0,0,0,0,0,0,0,10000000
1950,Andheri West,3.0,1,1,1,1,1.0,1,1,1,1,1,1,0,1,1,55000000
500,Badlapur East,1.0,0,0,1,1,1.0,0,0,0,0,1,0,0,0,0,2600000
1800,Kharghar,3.0,0,1,1,1,1.0,1,1,1,1,1,0,0,1,1,13000000
546,Goregaon West,1.0,0,1,1,0,0.0,1,0,0,0,0,0,1,0,0,10000000
340,Goregaon East,1.0,0,1,1,1,0.0,1,0,0,0,1,0,0,0,0,3000000
1950,Goregaon,3.0,1,1,1,1,1.0,1,1,1,1,1,1,0,1,1,32000000
440,Kalyan West,1.0,0,0,1,1,1.0,0,0,0,0,1,0,0,0,0,4200000
500,Naigaon East,1.0,0,1,1,1,1.0,1,1,1,1,1,0,0,1,1,2450000
1256,Kharghar,2.0,0,1,1,1,0.0,1,1,1,1,1,1,0,1,1,13500000
1125,Sector35D Kharghar,2.0,0,1,1,1,1.0,1,0,0,0,0,0,0,0,0,7800000
585,Jogeshwari West,1.0,0,0,1,0,0.0,1,0,0,0,0,0,0,0,0,8500000
1585,Kharghar,3.0,0,1,1,1,1.0,1,1,1,1,0,0,0,1,1,16500000
1235,Kharghar,2.0,0,1,1,1,1.0,1,1,1,1,1,1,1,1,1,13500000
1100,kavesar,2.0,0,1,1,1,1.0,1,0,1,0,0,0,0,0,0,8700000
525,Kandivali East,1.0,0,1,1,1,1.0,1,0,1,1,0,0,1,1,1,8300000
800,Devidas Cross Lane,2.0,0,0,1,1,1.0,1,1,0,1,0,0,1,0,0,13899999
1150,Magathane,2.0,0,0,1,1,1.0,1,0,0,0,0,0,0,0,0,21000000
3205,Kharghar,4.0,1,1,1,1,0.0,1,1,1,1,1,1,0,1,1,30400000
1010,Vikhroli,2.0,0,1,0,0,0.0,0,0,1,0,1,0,0,0,1,31500000
610,Thakur complex,1.0,0,1,1,1,1.0,1,0,1,0,0,0,0,0,0,4400000
1065,vasant vihar thane west,2.0,0,0,1,1,1.0,1,0,0,0,0,0,0,0,0,11500000
1000,Ulwe,2.0,0,0,0,1,1.0,0,0,0,0,1,0,0,0,0,7800000
650,ULWE SECTOR 19,1.0,0,0,1,1,1.0,1,1,0,0,1,1,0,1,0,3700000
1650,Koper Khairane,3.0,0,1,0,1,1.0,1,0,0,0,0,0,0,0,0,11700000
670,Koproli,1.0,0,1,1,1,0.0,1,1,1,0,1,0,0,1,1,3300000
750,Kharghar,1.0,0,1,1,1,0.0,1,1,1,0,0,1,0,1,1,6500000
3638,Worli,4.0,0,0,1,1,1.0,1,0,0,0,0,0,0,0,0,400000000
1227,Bhiwandi,3.0,1,1,1,1,1.0,1,1,1,1,1,1,0,1,1,8600000
770,Mira Road and Beyond,1.0,0,1,1,1,1.0,1,0,0,0,0,0,0,0,0,5800000
1830,Thakur Village,3.0,0,0,1,1,1.0,1,0,0,0,0,0,0,0,0,26500000
1500,CBD Belapur East,3.0,0,0,1,1,0.0,0,0,0,0,0,0,0,0,1,20000000
1733,Ghatkopar East,3.0,1,1,1,1,0.0,0,1,1,1,1,1,0,1,0,28600000
500,Roadpali,1.0,0,1,1,1,1.0,1,0,1,0,0,0,0,0,0,3500000
900,Soniwadi Road,2.0,0,1,0,0,0.0,1,1,0,1,0,0,1,1,0,21000000
1687,Kharghar,3.0,0,1,1,1,1.0,1,1,1,1,1,1,1,1,1,14000000
1700,Sector12 Kamothe,2.0,0,1,1,1,1.0,1,0,0,0,0,0,0,0,0,16000000
1139,roadpali navimumbai,2.0,0,0,1,1,1.0,1,0,0,0,1,0,0,0,0,8400000
600,Borivali East,1.0,0,1,1,1,0.0,1,0,0,0,1,0,1,0,0,10000000
1125,Sector 10,2.0,0,0,0,1,1.0,1,0,0,0,0,0,0,0,0,9900000
600,Kharghar,1.0,0,0,1,1,1.0,1,1,1,1,1,0,1,1,0,4900000
1157,Thane West,2.0,0,1,1,1,1.0,1,1,1,1,1,1,0,1,1,13000000
1300,Vartak Nagar,3.0,0,0,1,1,1.0,1,0,0,0,0,0,0,0,0,12400000
750,Mira Road and Beyond,2.0,0,1,1,1,1.0,1,0,1,0,0,0,0,0,0,4200000
950,Kamothe,2.0,0,1,1,1,1.0,1,0,1,0,0,0,0,0,1,6900000
2880,Lower Parel,3.0,0,0,1,1,0.0,0,0,0,0,1,0,0,0,1,101400000
852,Kharghar,2.0,0,1,1,1,0.0,1,0,1,1,0,0,0,1,1,9500000
925,Haridas Nagar,3.0,0,0,1,1,0.0,1,0,0,0,0,0,1,0,0,23000000
500,Sector13 Khanda Colony,1.0,0,0,0,0,0.0,1,0,0,0,0,0,0,0,0,5000000
1771,Roadpali,3.0,0,1,1,1,1.0,1,1,1,0,1,0,0,0,1,21000000
740,Kharghar,1.0,0,1,1,1,1.0,1,1,1,1,0,1,0,1,1,6000000
800,Vedant Complex,3.0,0,0,1,1,1.0,1,0,0,0,0,0,0,0,0,28000000
380,Kharghar,1.0,0,1,1,1,0.0,1,0,0,0,1,0,0,0,1,3900000
2195,Goregaon,3.0,1,1,1,1,0.0,1,1,1,0,1,1,0,1,1,41500000
1000,Sector 36 Kharghar,2.0,0,1,1,1,0.0,0,0,0,0,0,0,0,0,1,8500000
1000,Dahisar West,2.0,0,1,1,1,0.0,1,0,0,0,1,0,1,0,0,14500000
715,Taloja,1.0,0,0,0,1,1.0,1,0,0,0,0,0,0,0,0,4000000
826,Kolshet Industrial Area,2.0,0,0,1,1,1.0,1,0,0,0,0,0,0,0,0,9500000
665,Kharghar,1.0,0,0,1,1,1.0,1,0,0,1,1,0,0,0,0,5000000
885,Powai Lake,2.0,0,1,1,1,1.0,1,0,0,0,0,0,0,0,0,4700000
650,Antop Hill,1.0,0,1,1,1,1.0,1,0,0,0,0,0,0,0,0,16000000
860,Marol,1.0,0,1,1,1,0.0,1,0,0,0,1,0,0,0,1,11500000
956,Mira Road East,2.0,1,1,1,1,1.0,1,1,1,1,1,1,0,0,1,7800000
585,VishnuNagar,1.0,0,0,1,1,0.0,1,0,0,0,0,0,0,0,0,11000000
756,Juhu,2.0,0,1,1,1,1.0,1,1,1,1,1,0,0,1,1,11000000
935,Malad West,2.0,0,1,1,1,1.0,1,0,1,1,1,0,0,1,1,13200000
1190,Ulwe,2.0,1,0,0,0,0.0,0,0,0,0,0,0,1,0,0,10500000
1300,Sector 12 Kharghar,3.0,0,0,0,1,1.0,1,0,0,0,0,0,0,0,0,15000000
670,Parel Village,1.0,0,0,1,1,1.0,1,0,0,0,0,0,0,0,0,17000000
1165,Sector12 Kamothe,2.0,0,1,1,1,1.0,1,0,0,0,0,0,0,0,0,8500000
400,Kannamwar Nagar II,1.0,0,0,1,1,1.0,1,0,0,0,0,0,0,0,0,7000000
1080,Andheri East,2.0,0,1,1,1,1.0,1,1,1,1,1,0,0,1,1,17000000
1654,Sector9 Kamothe,3.0,0,1,1,1,1.0,1,0,0,0,0,0,0,0,0,16500000
1845,Kharghar,3.0,0,1,1,1,1.0,1,1,1,1,1,0,0,1,1,19000000
1000,mumbai,2.0,0,1,1,1,1.0,1,0,1,0,0,0,0,0,0,3500000
1200,Parel,2.0,0,1,1,0,0.0,1,1,1,1,1,1,0,1,1,42500000
650,Dokali Pada,2.0,0,1,1,1,1.0,1,0,0,0,0,0,0,0,0,8500000
1550,Kharghar,3.0,0,1,1,1,1.0,1,1,0,1,1,0,0,1,0,11399999
1100,Gundavali Gaothan,2.0,0,0,1,1,1.0,1,1,0,0,0,0,0,0,0,32500000
1350,Kandivali East,2.0,1,1,1,1,1.0,1,1,1,1,1,0,0,1,1,21000000
735,Sector 35I Kharghar,1.0,0,0,0,1,1.0,1,0,0,0,0,0,0,0,0,7800000
1100,Koparkhairane Station Road,2.0,0,0,1,1,1.0,1,0,0,0,0,0,0,0,0,14000000
1600,Kharghar,3.0,1,1,1,1,1.0,1,0,1,1,1,1,0,1,1,14800000
1050,Chembur East,2.0,0,1,1,1,1.0,1,0,0,0,0,0,0,0,0,18200000
1440,Sector-3 Ulwe,2.0,0,1,1,1,0.0,1,1,1,1,1,0,0,1,1,13799999
1733,Thane West,2.0,0,0,0,1,1.0,1,0,0,0,0,0,0,0,0,28400000
1026,kolshet,2.0,0,0,1,1,1.0,1,0,0,0,0,0,0,0,0,9000000
800,15th Road,2.0,0,0,0,0,0.0,0,0,0,0,0,0,1,0,0,35000000
710,Mira Road East,1.0,0,1,1,1,1.0,1,1,1,1,1,1,0,1,1,5600000
1075,Virar West,2.0,0,1,1,1,1.0,1,0,0,0,0,0,0,0,0,6200000
1150,Kharghar,2.0,0,1,1,1,1.0,1,1,1,1,0,0,0,1,1,9900000
650,Virar,1.0,0,1,1,1,0.0,1,0,1,0,0,0,0,1,1,2800000
1110,Kharghar,2.0,0,1,1,1,1.0,1,1,1,1,1,0,0,1,1,7700000
1150,Kharghar,2.0,1,1,1,1,0.0,1,0,1,1,0,0,0,1,1,9900000
545,vrindavan society,1.0,0,0,1,1,1.0,1,0,0,0,0,0,0,0,0,7800000
1065,Sector 35G,2.0,0,0,0,1,1.0,1,0,0,0,0,0,0,0,0,9500000
585,Majiwada,1.0,0,0,1,1,1.0,1,0,0,0,0,0,0,0,0,5900000
1251,Kharghar,2.0,0,1,1,1,1.0,1,1,1,1,1,0,0,1,1,12100000
440,Chembur,1.0,1,1,1,1,1.0,1,0,1,0,0,0,0,1,1,10000000
1260,Andheri East,2.0,1,1,1,1,0.0,1,1,1,1,1,1,0,1,1,20000000
653,Kamothe,1.0,0,1,0,1,1.0,1,0,1,0,0,0,0,0,0,4800000
1100,kavesar,2.0,0,0,1,1,1.0,1,0,0,0,0,0,0,0,0,9499000
1265,Western Express Highway Kandivali East,2.0,0,1,1,1,1.0,1,1,1,1,1,1,1,1,1,23000000
620,Sector12 Kamothe,1.0,0,0,1,0,0.0,0,0,0,0,0,0,0,0,0,4500000
1054,kandivali,2.0,1,1,1,1,0.0,1,1,1,0,1,0,0,1,1,11000000
1855,Nerul,3.0,0,0,0,0,1.0,1,0,0,0,1,0,1,0,0,35000000
2415,Kandivali East,4.0,1,1,1,1,0.0,1,0,1,0,0,0,0,1,1,31500000
1100,Taloja,2.0,0,0,1,1,1.0,1,0,0,1,0,0,0,1,0,5300000
1000,Kharghar,2.0,0,0,0,1,1.0,1,0,0,0,0,0,0,0,0,8000000
700,Ulwe,1.0,1,1,1,1,1.0,1,1,0,0,1,1,0,1,0,4900000
1350,Kharghar,2.0,0,0,1,1,1.0,1,0,0,1,1,0,0,0,0,8600000
730,mumbai,2.0,0,1,1,1,1.0,1,0,0,0,0,0,0,0,0,28000000
1070,Sector 10,2.0,0,0,0,1,1.0,1,0,0,0,0,0,0,0,0,10600000
510,Naigaon East,1.0,0,1,1,1,1.0,1,1,1,1,1,0,0,1,1,2800000
450,Mira Road and Beyond,1.0,0,1,1,1,1.0,1,0,1,0,0,0,0,0,0,7300000
820,Mira Road East,2.0,0,1,1,1,0.0,1,1,1,1,1,1,0,1,1,8000000
1356,Andheri East,2.0,0,0,1,1,1.0,1,0,1,0,0,0,0,0,0,25000000
1257,Magathane,2.0,0,1,0,1,1.0,1,0,1,0,0,0,0,0,0,20700000
376,Rajendra Nagar,1.0,0,0,1,1,1.0,1,0,0,0,0,0,0,0,0,8400000
990,Kharghar,2.0,0,1,1,1,1.0,1,1,1,1,1,1,1,1,1,8500000
1100,Kharghar,2.0,0,0,1,1,1.0,1,0,0,1,1,0,0,0,0,6900000
390,Kharghar,1.0,0,0,1,0,1.0,0,0,0,0,0,0,0,0,0,2600000
1252,Chembur,2.0,1,1,1,1,0.0,1,1,1,1,0,0,0,1,1,20200000
520,Taloja,1.0,1,0,1,1,1.0,1,0,0,0,0,0,0,0,0,2600000
657,Thane West,1.0,0,1,1,1,0.0,1,1,1,0,1,0,0,1,1,7200000
448,Panch Pakhadi,1.0,0,0,0,1,1.0,1,0,0,0,0,0,0,0,0,7000000
660,Kharghar,1.0,1,0,1,1,0.0,0,0,0,0,0,0,0,0,0,4800000
525,Kalyan East,1.0,0,1,0,1,0.0,1,1,1,1,1,1,0,0,1,2375000
1505,Goregaon West,3.0,1,1,1,1,1.0,1,0,1,1,1,1,0,1,1,25700000
3230,Goregaon,4.0,1,1,1,1,0.0,1,1,1,0,1,1,0,1,1,48000000
660,Kalyan West,2.0,0,0,1,1,1.0,0,0,0,0,1,0,0,0,0,7100000
1129,Sector-18 Ulwe,2.0,0,0,1,1,1.0,1,0,0,0,0,0,0,0,0,9000000
1350,Rajendra Nagar,3.0,0,0,1,1,1.0,1,0,0,0,0,0,0,0,0,18000000
1675,Kharghar,3.0,1,1,1,1,1.0,1,1,1,0,1,1,0,1,1,16200000
1060,Sector 5 Ulwe,2.0,0,1,1,1,1.0,1,0,0,0,0,0,0,0,0,7000000
1250,Panvel,2.0,1,1,1,1,0.0,1,1,1,1,1,1,0,1,1,6800000
670,taloja panchanand,1.0,0,0,1,1,1.0,1,0,0,0,0,0,0,0,0,3500000
2590,Andheri West,3.0,0,1,1,1,0.0,1,1,1,0,1,0,1,1,1,110000000
1109,vasant vihar thane west,3.0,0,1,1,1,1.0,1,0,0,0,1,0,1,0,1,14500000
1220,Sector 5 Ulwe,2.0,0,0,1,1,1.0,1,0,0,0,0,0,0,0,0,9000000
829,Bhiwandi,2.0,1,1,1,1,1.0,1,1,1,1,1,1,0,1,1,6200000
2580,Worli,3.0,0,1,1,1,0.0,1,0,1,1,1,0,0,1,1,71000000
545,Goregaon East,1.0,0,1,1,1,1.0,1,1,1,1,1,1,0,1,1,4600000
610,Ulwe,1.0,1,0,1,1,1.0,1,1,0,0,1,0,1,1,0,4500000
625,Kharghar,1.0,0,1,1,1,1.0,1,1,1,1,0,0,0,1,1,4700000
1000,Vikhroli,2.0,0,0,0,1,1.0,1,0,0,0,0,0,0,0,0,14700000
1020,Andheri East,1.0,0,1,1,1,0.0,1,0,1,1,1,0,0,1,1,16500000
1250,Sector 18 Kharghar,2.0,0,1,1,1,1.0,1,1,0,1,1,0,1,0,0,8000000
662,Diva,2.0,1,0,0,0,0.0,0,0,0,0,0,0,0,0,0,4665000
560,KASHELI,1.0,1,0,1,0,0.0,0,0,0,0,0,0,0,0,0,2400000
800,Chembur,2.0,1,1,0,0,0.0,1,0,1,0,0,1,0,0,0,15000000
565,Thane,2.0,0,1,1,1,1.0,1,0,1,0,0,0,0,0,0,6900000
829,Borivali,2.0,1,1,1,1,0.0,1,1,1,1,1,1,0,1,1,14500000
969,Khar,2.0,1,1,1,1,1.0,1,1,1,1,1,1,1,1,1,35000000
790,IT Colony,2.0,0,1,1,1,1.0,1,1,0,1,1,1,0,0,1,3700000
1149,Haware City,3.0,0,1,1,1,0.0,1,0,1,0,1,0,0,0,1,7311000
2400,Manpada near Tiku ji ni wadi,3.0,0,0,1,1,1.0,1,0,0,0,0,0,0,0,0,17500000
500,Mumbai Nashik Expressway,1.0,0,1,0,1,1.0,1,0,0,0,0,0,0,0,0,3000000
1056,Kalwa,2.0,0,1,1,1,1.0,1,0,1,0,0,0,0,0,0,9500000
635,Kamothe,1.0,0,0,0,1,1.0,1,0,0,0,0,0,0,0,0,4950000
900,Goregaon East,2.0,0,0,1,1,1.0,1,1,0,1,0,0,0,0,0,16000000
2710,Mahalaxmi,3.0,0,0,1,1,1.0,1,0,0,0,0,0,0,0,0,150000000
670,IT Colony,2.0,0,1,1,1,1.0,1,1,1,1,1,1,0,0,1,3500000
1114,Andheri East,3.0,1,1,1,1,0.0,0,1,1,1,1,0,0,1,1,17000000
2235,Kharghar,4.0,0,1,1,1,1.0,1,1,1,1,0,1,0,1,1,17000000
1100,Kharghar,2.0,0,0,0,1,1.0,1,0,0,0,0,0,0,0,0,11000000
580,Mira Bhayandar,1.0,0,0,1,1,1.0,1,1,0,1,1,0,1,1,0,5200000
430,Kalyan West,1.0,0,0,1,1,1.0,0,0,0,0,1,0,0,0,0,4580000
640,Ulwe,1.0,0,1,0,1,1.0,1,0,0,0,0,0,0,0,1,5000000
2780,Malad East,4.0,1,1,1,1,1.0,1,1,1,1,1,1,0,1,1,37500000
1160,Kharghar,2.0,0,1,1,1,1.0,1,0,1,1,1,0,1,1,1,9000000
1160,Sector 19 Kamothe,2.0,0,1,1,1,1.0,1,0,0,0,0,0,0,0,0,8700000
575,Thane West,1.0,1,0,0,1,0.0,1,0,0,0,0,0,1,0,0,6000000
689,Ulwe,1.0,0,1,0,1,1.0,1,0,0,0,0,0,0,0,1,4500000
1500,Sector-3 Ulwe,3.0,0,0,1,1,0.0,1,1,1,1,1,0,0,1,1,15500000
1060,taloja panchanand,2.0,0,0,1,1,1.0,1,0,0,0,0,0,0,0,1,5800000
510,Taloja,1.0,1,1,1,1,1.0,1,0,0,1,0,0,0,0,0,2800000
650,Mira Road East,1.0,1,0,1,1,0.0,1,0,1,1,0,0,0,0,0,6000000
465,Kalyan West,1.0,0,0,1,1,1.0,0,0,0,0,1,0,0,0,0,4100000
450,Four Bungalows,1.0,0,1,1,1,1.0,1,0,0,0,0,0,0,0,0,7000000
2000,Juhu,4.0,0,1,1,1,0.0,1,0,0,0,1,0,1,0,0,80000000
690,Taloja,1.0,0,0,0,1,1.0,1,0,0,0,0,0,0,0,0,3300000
900,Chembur,2.0,0,1,1,1,1.0,1,0,0,0,0,0,0,0,0,13000000
1150,Virar,3.0,1,1,1,1,0.0,1,1,1,1,1,0,0,1,1,6193000
1110,Taloja,2.0,0,0,1,1,1.0,1,0,0,0,0,0,0,0,0,4800000
2200,Sector 30 Kharghar,4.0,0,0,1,1,1.0,1,0,0,0,0,0,0,0,0,24500000
540,Naigaon East,1.0,1,1,1,1,1.0,1,1,1,1,1,0,0,1,0,2700000
1250,Dahisar,2.0,0,0,1,1,1.0,1,0,0,0,0,0,0,0,0,36500000
1100,Worli,2.0,0,0,1,1,1.0,1,0,0,0,0,0,0,0,0,45000000
723,Andheri West,1.0,0,1,1,0,0.0,0,0,0,1,0,0,0,0,0,10500000
735,Kharghar,1.0,0,1,1,1,1.0,1,1,1,1,0,1,0,1,1,6900000
580,Kalwa,1.0,0,1,1,1,1.0,1,0,1,0,0,0,0,0,0,5500000
410,Greater Khanda,1.0,0,0,0,0,0.0,0,1,0,1,0,0,1,0,0,3200000
1500,Sector 18,3.0,0,0,0,1,1.0,1,0,0,0,0,0,0,0,0,15000000
1006,Andheri West,2.0,1,1,1,1,0.0,1,1,1,0,0,0,1,1,1,18000000
1016,Sector 18 Kharghar,2.0,0,1,1,1,0.0,1,0,0,0,1,0,0,0,1,14000000
1580,Kharghar,2.0,0,1,1,1,1.0,1,1,0,1,1,0,0,1,0,10100000
1645,Kharghar,3.0,0,1,1,1,1.0,1,0,1,1,0,0,1,1,1,15500000
900,Vashi,2.0,0,0,1,1,0.0,1,1,0,0,0,0,0,0,0,14900000
545,Thane West,1.0,0,0,1,1,1.0,1,0,0,0,0,0,0,0,0,7800000
570,Nala Sopara,1.0,1,1,1,1,0.0,1,1,0,1,1,1,0,1,1,2451000
965,Mira Road East,2.0,1,1,1,1,0.0,1,1,1,1,1,0,0,1,1,8009999
650,Thane West,1.0,0,1,1,0,0.0,0,1,1,1,0,0,1,0,1,5300000
1130,Hiranandani Meadows,3.0,0,0,1,1,1.0,1,0,0,0,0,0,0,0,0,18500000
650,Kharghar,1.0,0,0,1,1,1.0,1,0,0,0,1,0,0,0,0,4200000
625,Govandi,1.0,0,1,1,1,1.0,1,0,0,0,0,0,0,0,0,10500000
555,Virar East,1.0,1,0,0,0,0.0,0,0,0,0,0,0,0,0,0,2357000
1050,Dattapada,2.0,0,0,1,1,1.0,1,0,0,0,0,0,0,0,0,16500000
1300,Kharghar,2.0,0,0,0,1,1.0,1,0,0,0,0,0,0,0,0,13000000
540,Virar East,1.0,1,0,0,0,0.0,0,0,0,0,0,0,0,0,0,2500000
2100,Kharghar,4.0,0,1,1,1,1.0,1,1,1,1,0,0,0,0,1,40000000
1680,Kharghar,3.0,0,1,1,1,1.0,1,1,1,1,1,1,1,1,1,13600000
550,Sector13 Kharghar,1.0,0,0,0,0,1.0,1,0,0,0,0,0,0,0,0,3700000
610,Kalyan West,2.0,0,0,0,1,1.0,0,0,0,0,1,0,0,0,0,4380000
800,Kandivali West,2.0,1,1,1,1,1.0,1,1,1,1,1,1,0,1,1,12500000
990,Vartak Nagar,2.0,0,0,1,1,1.0,1,0,0,0,0,0,0,0,0,7998000
2355,Kharghar,4.0,0,1,1,1,0.0,1,1,1,0,0,1,0,1,1,30000000
590,Kharghar,1.0,0,0,0,1,1.0,1,0,0,0,0,0,0,0,0,5200000
1356,Kharghar,3.0,0,1,1,1,1.0,1,0,1,1,0,0,0,1,1,10500000
534,Godrej Hill,2.0,0,0,1,1,1.0,1,0,0,0,0,0,0,0,0,5200000
1250,Antop Hill,3.0,0,1,1,1,1.0,1,0,0,0,0,0,0,0,0,27500000
630,Kasheli,1.0,1,0,0,0,0.0,0,0,0,0,0,0,0,0,0,2670000
1150,Dronagiri,2.0,0,0,1,1,0.0,1,0,0,0,0,0,1,0,0,6100000
1457,Malad East,3.0,1,1,1,1,0.0,1,0,0,0,1,0,0,0,1,20500000
750,Malad West,1.0,1,1,1,1,1.0,1,1,1,1,1,0,0,0,0,9800000
1225,Andheri,3.0,0,1,1,1,1.0,1,0,1,0,1,0,0,0,1,8500000
545,royal palms goregaon east,1.0,0,0,0,0,0.0,1,0,0,0,0,0,0,0,0,5300000
1227,Sector 35I Kharghar,2.0,0,1,1,1,0.0,1,0,0,0,1,0,0,0,1,11500000
800,Sriprastha,2.0,0,0,1,1,1.0,0,0,0,0,1,0,0,0,0,4350000
600,Majiwada,1.0,0,0,1,1,1.0,1,0,0,0,0,0,0,0,0,5898000
654,Mira Road and Beyond,1.0,0,1,1,1,1.0,1,0,1,0,0,0,0,0,0,10900000
1020,Sahkar Nagar,2.0,1,1,1,1,1.0,1,1,1,1,1,0,0,0,0,13799999
482,Rasayani,1.0,0,1,1,1,0.0,1,1,1,0,1,1,0,1,1,2800000
1600,Malad East,3.0,1,1,1,1,0.0,1,1,1,1,1,1,0,1,1,27500000
3000,Sector-3 Ulwe,5.0,0,0,1,1,1.0,1,0,0,0,0,0,0,0,0,25500000
908,Kandivali West,2.0,1,0,1,1,0.0,0,0,0,0,1,0,1,0,0,20500000
791,Kandivali West,2.0,0,1,1,1,0.0,1,1,1,0,0,1,1,1,1,14500000
1400,Kharghar,3.0,0,1,1,1,1.0,1,1,1,1,0,0,0,1,1,13500000
688,Dronagiri,1.0,1,1,1,1,1.0,1,1,0,0,1,0,1,1,0,3500000
950,Dattapada,2.0,0,0,1,1,1.0,1,0,0,0,0,0,0,0,0,17500000
2394,Mahalaxmi,3.0,0,1,1,1,0.0,1,1,1,1,1,1,0,1,1,88000000
650,Kamothe,1.0,0,0,0,1,1.0,1,0,0,0,0,0,0,0,0,5300000
600,Thane,2.0,0,1,1,1,1.0,1,0,1,0,0,0,0,0,0,4500000
670,Kharghar,1.0,1,1,1,1,0.0,1,0,1,1,0,0,0,1,1,5700000
550,Thane West,1.0,0,1,1,1,0.0,1,1,1,1,1,0,0,1,1,7500000
1220,Ulwe,2.0,1,1,1,1,1.0,1,1,0,1,1,1,0,1,1,8500000
1557,Lower Parel,3.0,1,1,0,0,0.0,0,1,0,1,0,0,0,0,1,55000000
1060,Chembur,2.0,0,1,1,1,1.0,1,0,0,0,0,0,0,0,0,20500000
745,Kharghar,1.0,0,0,1,1,1.0,1,1,0,1,1,0,0,1,0,5500000
1450,Sector 10 Kamothe,3.0,0,1,1,1,1.0,1,1,0,1,1,0,1,0,0,11500000
1875,Andheri West,3.0,0,1,1,1,1.0,1,1,1,1,1,1,1,1,1,75000000
1550,Kharghar,3.0,0,0,0,1,0.0,0,0,0,0,0,0,0,0,0,14900000
1166,Majiwada,2.0,1,1,1,1,1.0,1,0,1,0,1,0,0,0,1,16500000
1540,Kamothe,3.0,0,0,0,1,1.0,1,0,0,0,0,0,0,0,0,12500000
950,Khar,2.0,1,1,1,1,1.0,1,1,1,1,1,1,1,1,1,34800000
380,Jawahar Nagar,1.0,0,0,1,1,1.0,1,0,0,0,0,0,0,0,0,8500000
1310,Sector-8 Ulwe,2.0,1,1,1,1,1.0,1,1,1,1,1,1,0,1,1,11100000
1000,Kharghar,2.0,0,1,1,1,1.0,1,1,1,0,1,0,0,1,1,7500000
375,Dombivali,1.0,1,0,0,0,0.0,1,0,0,0,0,0,0,0,0,2018000
670,Badlapur West,1.0,0,0,0,1,0.0,0,0,0,0,0,0,0,0,0,2200000
560,Taloja,1.0,0,0,0,1,1.0,1,0,0,0,0,0,0,0,0,2600000
1650,Magathane,3.0,0,0,1,1,1.0,1,0,0,0,0,0,0,0,0,29000000
550,Kharghar,1.0,0,0,1,1,1.0,1,0,0,0,1,0,0,0,0,4500000
1255,Kamothe,2.0,0,1,1,1,1.0,1,0,1,0,0,0,0,0,0,6500000
1777,Goregaon East,3.0,0,1,1,1,1.0,1,1,1,1,1,1,0,1,1,42500000
971,Panch Pakhadi,2.0,0,0,0,1,1.0,1,0,0,0,0,0,0,0,0,15000000
1105,Borivali East,2.0,0,1,1,1,1.0,1,1,1,1,1,1,0,1,1,17000000
1175,Sector-18 Ulwe,2.0,0,0,1,1,1.0,1,0,0,0,0,0,0,0,0,9200000
1200,Sector 18 Kharghar,2.0,0,1,1,1,0.0,0,0,0,0,0,0,0,0,1,14000000
585,raheja vihar,1.0,0,0,1,1,1.0,1,0,0,0,0,0,0,0,0,11000000
690,Sector 17 Ulwe,1.0,0,1,1,1,1.0,1,0,0,0,0,0,0,0,0,5300000
1850,Dahisar,3.0,0,0,1,1,1.0,1,0,0,0,0,0,0,0,0,28000000
770,Palghar,1.0,1,0,0,0,0.0,0,0,0,0,0,0,0,0,0,2100000
640,Kharghar,1.0,0,1,1,1,1.0,1,0,1,1,0,0,0,1,1,4300000
550,Malad East,1.0,0,0,0,1,1.0,1,0,0,0,0,0,0,0,0,8600000
1465,Goregaon West,3.0,1,1,1,1,1.0,1,1,1,1,1,1,0,1,1,21200000
1250,Kolshet Road,2.0,0,1,1,1,1.0,1,0,1,0,1,0,1,0,0,12200000
1090,Sector 35I Kharghar,2.0,0,0,0,1,1.0,1,0,0,0,0,0,0,0,0,9800000
1695,Goregaon,3.0,1,1,1,1,0.0,1,1,1,1,0,1,0,1,1,27000000
1505,Kandivali West,3.0,0,1,0,1,1.0,1,1,1,1,1,0,0,1,1,42500000
911,Kharghar,2.0,0,0,0,1,1.0,1,0,0,0,0,0,0,0,0,10500000
860,Hiranandani Estates,2.0,0,0,1,1,1.0,1,0,0,0,0,0,0,0,0,7200000
1600,Andheri West,4.0,0,1,1,1,0.0,1,0,0,0,1,0,1,0,0,65000000
600,Kamothe,1.0,0,0,0,1,1.0,1,0,0,0,0,0,0,0,0,4800000
598,mumbai,1.0,0,1,1,1,1.0,1,0,1,0,0,0,0,0,0,2014999
1065,vasant vihar thane west,2.0,0,1,1,1,1.0,1,0,1,0,1,0,1,0,1,11500000
880,Dronagiri,1.0,1,0,1,1,0.0,1,0,0,0,1,0,1,0,0,4400000
850,Kamothe,1.0,0,1,1,1,1.0,1,0,1,0,0,0,0,0,0,5200000
2600,Wadala East Wadala,3.0,0,1,1,1,1.0,1,0,0,0,0,0,0,0,0,47000000
1182,Sector 11 Belapur,2.0,0,0,0,1,1.0,1,0,0,0,0,0,0,0,0,11500000
1100,Central Avenue,3.0,0,0,1,1,1.0,0,0,0,0,1,0,0,0,0,60000000
1264,Malad East,2.0,1,1,1,1,1.0,1,1,1,1,1,1,0,1,1,21600000
1250,Dattapada,3.0,0,0,1,1,1.0,1,0,0,0,0,0,0,0,0,19500000
600,Kharghar,1.0,0,1,1,1,1.0,1,0,1,0,0,0,0,1,1,4500000
1750,Kharghar,3.0,0,0,1,1,1.0,1,0,0,1,0,0,1,0,0,16000000
2030,Kharghar,3.0,1,1,1,1,1.0,1,1,1,1,1,1,0,1,1,21000000
560,Haware City,1.0,0,1,1,0,0.0,1,0,1,0,1,0,0,0,1,4250000
1100,Seawoods,2.0,0,0,1,1,1.0,1,0,1,0,0,0,0,0,0,17100000
2900,Sector-8 Ulwe,5.0,0,0,1,1,1.0,1,0,0,0,0,0,0,0,0,32300000
1220,Sector-3 Ulwe,2.0,0,0,1,1,1.0,1,0,0,0,0,0,0,0,0,9000000
1100,mumbai,2.0,0,0,0,1,1.0,1,0,0,0,0,0,0,0,0,11000000
765,Manvel pada Road,2.0,0,0,1,1,1.0,1,0,0,0,1,0,0,0,0,4000000
930,Ulwe,2.0,0,1,0,1,1.0,1,0,0,0,0,0,0,0,1,8500000
900,Mira Road and Beyond,2.0,0,0,1,1,1.0,1,0,0,0,0,0,0,0,0,5700000
600,Sector 17 Ulwe,2.0,0,1,0,1,1.0,1,0,1,0,0,0,0,0,0,4000000
1543,Wadala East Wadala,3.0,0,1,1,1,1.0,1,0,0,0,0,0,0,0,0,29000000
995,Malad West,2.0,0,1,1,1,0.0,1,1,1,1,1,1,0,1,1,13000000
640,kolshet,2.0,0,0,1,1,1.0,1,0,0,0,0,0,0,0,0,7300000
965,Mira Road East,2.0,1,1,1,1,0.0,1,1,1,1,1,0,0,1,1,8400000
510,Kandivali East,1.0,0,1,1,1,1.0,1,0,1,0,1,0,1,1,1,7700000
1426,Deonar,3.0,0,1,1,1,1.0,1,0,0,0,0,0,0,0,0,37000000
1565,Kamothe,3.0,0,0,0,1,1.0,1,0,0,0,0,0,0,0,0,12200000
1532,Sector-8 Ulwe,3.0,0,0,1,1,1.0,1,0,0,0,0,0,0,0,0,11200000
1085,Navi Basti,2.0,0,0,0,0,0.0,0,0,0,0,1,0,0,0,0,7053000
758,Ulwe,1.0,0,1,0,1,1.0,1,0,0,0,0,0,0,0,1,6000000
936,kolshet,2.0,0,0,1,1,1.0,1,0,0,0,0,0,0,0,0,9800000
2000,Kandivali West,4.0,0,1,1,1,0.0,1,1,1,0,1,0,0,1,1,40000000
930,Lokhandwala,2.0,0,1,1,1,1.0,1,0,0,0,0,0,0,0,0,3800000
1680,Sector-8 Sanpada,2.0,0,0,1,1,1.0,1,0,0,0,0,0,0,0,0,23000000
1482,Navi Basti,3.0,0,0,0,0,0.0,0,0,0,0,1,0,0,0,0,16500000
980,Taloja,2.0,0,0,0,1,1.0,1,0,0,0,0,0,0,0,0,4900000
1000,kolshet,2.0,0,1,1,1,1.0,1,0,1,0,1,0,1,0,0,12000000
570,Nala Sopara,1.0,0,1,1,1,1.0,1,1,0,1,1,1,0,1,1,2451000
650,Thakur Village,1.0,0,0,1,1,1.0,1,0,0,0,0,0,0,0,0,10000000
1700,Kharghar,3.0,1,1,1,1,0.0,1,1,1,1,0,0,0,1,1,18500000
925,Naigaon East,1.0,0,0,1,1,0.0,0,0,0,0,0,0,0,0,0,3700000
675,Badlapur,1.0,1,1,1,1,0.0,1,1,0,1,0,0,0,0,0,2625000
1530,Sector 10 Khanda Colony,3.0,0,1,1,1,0.0,1,0,0,0,0,0,0,0,0,14000000
385,Pant Nagar,1.0,0,1,1,1,1.0,1,0,0,0,0,0,0,0,0,7500000
783,Mira Road and Beyond,2.0,0,1,1,1,1.0,1,0,0,0,0,0,0,0,0,3500000
585,Naigaon East,1.0,1,1,1,1,0.0,1,1,1,1,1,0,0,1,0,3250000
1595,Ulwe,3.0,0,1,0,1,1.0,1,0,0,0,0,0,0,0,1,7600000
686,Ulwe,1.0,0,1,0,1,1.0,1,0,0,0,0,0,0,0,1,6500000
1503,Dombivali,2.0,0,1,1,1,0.0,1,1,1,1,1,1,0,1,1,10500000
466,Ambernath East,1.0,0,0,1,1,1.0,0,0,0,0,1,0,0,0,0,2840000
2700,Chembur,4.0,0,1,1,1,1.0,1,0,0,0,0,0,0,0,0,63000000
890,Mira Road and Beyond,2.0,0,1,1,1,1.0,1,0,0,0,0,0,0,0,0,6800000
350,Jawahar Nagar,1.0,0,0,1,1,1.0,1,0,0,0,0,0,0,0,0,9000000
1050,Taloja,2.0,0,0,1,1,1.0,1,0,0,0,0,0,0,0,0,6300000
1735,Central Avenue,3.0,0,0,1,1,1.0,1,0,0,0,0,0,0,0,0,28500000
540,Vasai east,1.0,1,0,1,1,0.0,1,0,0,0,0,0,0,0,0,2476000
1450,Khar West,3.0,1,1,1,1,1.0,1,0,0,1,0,0,1,0,0,52500000
686,Dombivali East,2.0,0,1,0,1,1.0,1,0,0,0,1,0,0,0,0,5800000
1690,Sector-8 Ulwe,3.0,0,0,1,1,1.0,1,0,0,0,0,0,0,0,0,13899999
831,Thane West,2.0,1,1,1,1,0.0,1,1,1,0,1,0,0,1,1,8184999
510,Wadala,1.0,0,1,1,1,1.0,1,0,1,1,1,0,1,0,1,12500000
1250,Magathane,3.0,0,0,1,1,1.0,1,0,0,0,0,0,0,0,0,20000000
480,Dombivli (West),1.0,1,0,0,0,0.0,1,0,0,0,1,0,0,0,0,2300000
1836,Dadar West,3.0,1,1,1,1,1.0,1,1,1,1,1,1,1,1,1,60000000
1155,Koparkhairane Station Road,2.0,0,1,1,1,1.0,1,0,0,0,0,0,0,0,0,10000000
2415,Kandivali East,4.0,1,1,1,1,0.0,1,0,1,0,0,0,0,1,1,29500000
1050,Dattapada,2.0,0,0,1,1,1.0,1,0,0,0,0,0,0,0,0,18500000
560,Kharghar,1.0,0,1,1,1,1.0,1,1,1,0,1,0,0,1,1,5500000
1070,Chembur,2.0,0,0,0,1,0.0,1,0,0,0,0,0,0,0,0,17500000
1171,Kopara,2.0,0,1,0,1,0.0,0,0,0,0,0,0,0,0,0,9000000
1180,Mulund,2.0,0,0,0,0,1.0,1,1,0,0,0,0,1,1,1,16500000
650,Vasai,1.0,1,0,1,1,1.0,1,1,0,1,1,1,0,1,0,3350000
655,Kasheli,2.0,1,0,1,1,0.0,1,1,0,0,1,0,0,0,0,2770000
1413,Worli South Mumbai,2.0,1,1,1,1,1.0,1,1,1,1,1,1,0,1,1,46500000
1050,Andheri East,1.0,0,1,1,1,1.0,1,1,1,1,1,1,1,1,1,17500000
850,Yogi Hills,2.0,0,1,1,1,1.0,1,0,0,0,0,0,0,0,0,8500000
1200,Sector 20 Kharghar,3.0,0,1,1,1,1.0,1,0,0,0,0,0,0,0,0,8500000
1011,Thane West,2.0,1,1,1,1,0.0,1,1,1,0,1,0,0,1,1,9958000
1285,Virar,3.0,1,0,1,1,0.0,1,1,0,0,1,0,0,1,0,5000000
690,Sector 23 Ulwe,1.0,1,1,1,1,1.0,1,1,1,1,1,1,0,1,0,3588000
1090,Kharghar,2.0,0,0,0,1,1.0,1,0,0,0,0,0,0,0,0,9800000
1197,Kharghar,2.0,0,1,1,1,1.0,1,1,0,1,1,0,0,0,1,13000000
1250,Mahatma Gandhi Road,3.0,0,0,1,1,1.0,1,0,0,0,0,0,0,0,0,24000000
275,Thane,1.0,0,1,1,1,1.0,1,0,1,0,0,0,0,0,0,2000000
600,Chembur,1.0,0,0,0,1,0.0,1,0,0,0,0,0,0,0,0,11500000
1100,Sector 19 Kharghar,2.0,0,1,1,1,1.0,1,0,0,0,0,0,0,0,0,7600000
1472,Kandivali West,3.0,0,1,1,1,0.0,1,1,1,1,0,0,0,1,1,33000000
900,Sriprastha,2.0,0,0,1,1,1.0,0,0,0,0,1,0,0,0,0,4300000
1065,Kalyan West,2.0,0,0,1,1,1.0,1,1,0,0,1,0,0,0,0,6800000
695,Roadpali,1.0,0,0,1,1,1.0,1,0,0,0,0,0,0,0,0,4800000
1400,Kharghar,3.0,0,1,1,1,1.0,1,0,1,0,0,0,0,0,0,9500000
1530,Kharghar,3.0,1,1,1,1,0.0,1,1,1,1,1,1,0,1,1,15500000
800,Chembur,2.0,1,0,1,1,0.0,1,0,0,0,0,0,0,0,0,15000000
1100,Malad West,2.0,1,1,1,1,1.0,1,1,1,1,1,1,0,1,1,21400000
600,Kamothe,1.0,0,1,1,1,1.0,1,0,0,0,0,0,0,0,0,4800000
900,Off Shimpoli road,2.0,0,1,1,1,1.0,1,1,0,1,0,0,1,1,0,20500000
690,Ulwe,1.0,0,0,1,1,0.0,1,0,0,0,0,0,0,0,0,5500000
850,Bandra West,2.0,0,0,0,1,1.0,1,0,0,1,0,0,0,0,0,30000000
3600,Worli,4.0,0,1,1,1,0.0,1,0,1,1,1,0,0,1,1,120000000
1505,Thane West,3.0,1,1,1,1,0.0,1,1,1,0,1,0,0,1,1,14800000
1000,Andheri West,2.0,0,0,0,1,1.0,1,0,0,0,0,0,0,0,0,24000000
1280,Malad East,2.0,0,1,1,1,1.0,1,1,1,1,0,0,0,1,1,21500000
600,Sector 19A Nerul,1.0,0,1,1,1,1.0,1,0,0,0,0,0,0,0,0,7800000
1350,no 9,3.0,0,0,1,1,1.0,1,0,0,0,0,0,0,0,0,26000000
730,kavesar,1.0,0,0,1,1,1.0,1,0,0,0,0,0,0,0,0,6498999
585,Magathane,1.0,0,0,1,1,1.0,1,0,0,0,0,0,0,0,0,9800000
1300,Kharghar,3.0,0,0,0,1,1.0,1,0,0,0,0,0,0,0,0,15000000
675,4 Bunglows,2.0,0,1,1,1,1.0,1,0,0,0,0,0,0,0,0,18000000
580,Mira Road East,1.0,0,0,1,1,1.0,1,1,0,0,0,0,0,0,0,4800000
1920,Kandivali East,4.0,0,1,1,1,1.0,1,1,1,1,1,1,0,1,1,47000000
1440,Sector 20 Kharghar,3.0,0,0,0,0,0.0,0,0,0,0,0,0,0,0,0,11000000
1240,Kharghar,2.0,0,1,1,1,1.0,1,1,1,0,1,1,0,1,1,9500000
2450,Kandivali East,4.0,0,1,1,1,0.0,1,0,1,1,0,0,1,1,1,35000000
1200,Kharghar,3.0,0,0,0,1,1.0,1,0,0,0,0,0,0,0,0,13000000
840,Sriprastha,2.0,0,0,1,1,1.0,0,0,0,0,1,0,0,0,0,4700000
305,Kharghar,2.0,0,1,1,1,1.0,1,1,1,1,1,0,0,1,0,2850000
1010,Karanjade,2.0,1,0,1,1,1.0,1,0,0,1,1,1,0,1,0,6000000
540,Vasind,1.0,0,0,0,1,1.0,1,1,0,0,1,1,0,0,0,2000000
550,Bhandup West,2.0,0,0,1,1,0.0,1,0,0,0,0,0,1,0,0,9000000
1309,Thane West,3.0,1,1,0,1,0.0,1,1,0,1,1,1,0,1,0,18000000
710,Sector-3 Ulwe,2.0,0,0,0,1,1.0,1,1,1,1,1,0,1,1,0,5100000
1296,Goregaon West,2.0,1,1,1,1,1.0,1,1,1,1,1,1,0,1,1,18100000
650,Kharghar,1.0,0,0,1,1,1.0,1,0,0,1,0,0,0,0,0,5400000
530,Dombivali East,1.0,1,0,1,1,0.0,1,0,0,0,0,0,0,0,0,3467000
600,Kharghar,1.0,0,0,1,1,1.0,1,1,0,1,1,0,0,0,0,5000000
902,Haware City,2.0,0,1,1,1,0.0,1,0,0,0,1,0,0,0,1,5545000
1672,Malad East,3.0,0,1,1,1,1.0,1,1,1,1,1,1,0,1,1,31000000
1300,Dattapada,3.0,0,0,0,1,1.0,1,0,0,0,0,0,0,0,0,24000000
1010,Suman Nagar,2.0,0,0,1,1,0.0,1,0,0,0,0,0,0,0,0,21500000
650,Kamothe,1.0,0,1,1,1,1.0,1,0,1,0,0,0,0,0,0,5000000
529,Vangani,1.0,1,0,0,0,0.0,0,0,0,0,0,0,0,0,0,2100000
350,Sector 21 Kharghar,1.0,0,0,0,0,1.0,1,0,0,0,0,0,0,0,0,2700000
1980,Sector 20 Kharghar,3.0,0,0,1,1,1.0,1,0,0,0,0,0,0,0,1,14800000
1100,Kamothe,2.0,0,1,1,1,1.0,1,0,0,0,0,0,0,0,0,8575000
950,Dattapada,2.0,0,0,1,1,1.0,1,0,0,0,0,0,0,0,0,15000000
1325,Manpada,3.0,0,0,1,1,1.0,1,0,0,0,0,0,0,0,0,15800000
1016,Chembur,2.0,0,1,1,1,1.0,1,0,0,0,0,0,0,0,0,15000000
3465,Sanpada,4.0,1,1,1,1,1.0,1,1,1,1,1,1,0,1,1,51500000
400,Mira Road and Beyond,1.0,0,1,0,1,1.0,1,0,0,0,0,0,0,0,0,2800000
560,Kandivali East,2.0,0,0,1,1,1.0,1,0,0,0,0,0,0,0,0,12000000
597,mumbai,1.0,0,1,1,1,1.0,1,0,1,0,0,0,0,0,0,2011000
480,Bangur Nagar,1.0,0,0,1,1,1.0,1,0,0,0,0,0,0,0,0,11700000
534,Nala Sopara,1.0,1,1,1,1,1.0,1,1,1,1,1,1,0,1,0,4100000
885,Powai Lake,2.0,0,1,1,1,1.0,1,0,0,0,0,0,0,0,0,4300000
1150,Kharghar,2.0,0,1,1,1,1.0,1,0,1,1,1,0,0,1,1,8500000
990,Poonam Sagar Complex,2.0,0,0,0,0,0.0,0,0,0,0,0,0,0,0,0,8500000
1155,Kharghar,2.0,0,1,1,1,1.0,1,1,1,1,1,0,0,1,1,9700000
725,Chembur,1.0,0,1,1,1,1.0,1,0,0,0,0,0,0,0,0,11200000
900,Seawoods,2.0,0,0,1,1,0.0,1,0,0,0,0,0,0,1,0,14000000
650,Dronagiri,1.0,1,0,1,1,1.0,1,0,0,0,1,0,1,0,0,3000000
638,Kamothe,1.0,0,1,1,1,1.0,1,0,1,0,0,0,0,0,0,4050000
1200,Churchgate,2.0,0,0,1,0,0.0,0,0,0,0,0,0,0,0,0,65000000
1503,Tardeo,2.0,0,1,1,1,0.0,1,1,1,0,1,0,1,1,1,70000000
765,Kandivali West,1.0,1,1,1,1,1.0,1,1,1,1,1,1,0,1,1,9000000
900,Haridas Nagar,2.0,0,1,1,1,1.0,1,1,0,1,0,0,1,0,0,20000000
340,Kandivali West,1.0,0,0,1,0,0.0,0,0,0,0,0,0,0,0,0,3800000
785,Mumbai Highway,2.0,0,1,1,1,0.0,0,0,0,0,1,0,0,0,1,10000000
1450,Sector 21 Kamothe,2.0,0,0,0,1,1.0,1,0,0,0,0,0,0,0,0,9000000
980,Dadar West,2.0,0,0,1,1,0.0,1,0,0,0,0,0,0,0,0,32500000
1350,Kandivali East,3.0,0,1,1,1,0.0,1,1,1,0,1,0,0,1,1,24500000
1250,Kharghar,2.0,0,0,0,1,1.0,1,0,0,0,0,0,0,0,0,9200000
1260,Sector 19 Kharghar,2.0,0,1,1,1,1.0,1,0,0,0,0,0,0,0,0,9500000
776,Sector 20 Kharghar,2.0,0,1,1,1,0.0,0,0,0,0,0,0,0,0,1,8400000
342,Godrej Hill,1.0,0,0,1,1,1.0,1,0,0,0,0,0,0,0,0,3300000
1270,Chembur East,2.0,1,0,1,1,0.0,1,0,0,0,0,0,0,0,0,22200000
675,Kharghar,1.0,0,0,0,1,1.0,1,0,0,0,0,0,0,0,0,6000000
950,Wadi Bandar,2.0,0,1,0,1,1.0,1,0,0,0,0,0,0,0,0,14500000
690,Karanjade,1.0,1,0,1,1,1.0,1,0,0,1,1,0,0,1,0,4100000
220,Mira Road East,1.0,0,0,1,0,0.0,1,0,0,0,0,0,1,0,0,2000000
860,Sector 10,1.0,0,0,0,1,1.0,1,0,0,0,0,0,0,0,0,7200000
840,Hiranandani Estates,2.0,0,0,1,1,1.0,1,0,0,0,0,0,0,0,0,7000000
997,Jogeshwari East,3.0,0,0,1,1,0.0,1,0,0,0,1,0,0,0,0,32500000
750,Jogeshwari West,2.0,0,0,1,0,0.0,1,0,0,0,0,0,0,0,0,16000000
1638,Goregaon West,3.0,1,1,1,1,1.0,1,1,1,1,1,1,0,1,1,23800000
580,Kharghar,1.0,0,0,1,1,1.0,1,0,0,0,0,0,0,0,0,4500000
445,Dombivali East,1.0,1,0,0,0,0.0,0,0,0,0,0,0,0,0,0,3100000
640,Bhandup West,2.0,1,1,1,1,0.0,1,1,1,0,1,1,0,1,1,13500000
989,Chembur,2.0,1,1,1,1,0.0,1,1,1,1,1,1,0,1,1,14500000
3275,Kharghar,4.0,1,1,1,1,0.0,1,1,1,1,1,1,0,1,1,31100000
1760,Mira Road and Beyond,2.0,0,1,0,1,1.0,1,0,0,0,0,0,0,0,0,7600000
1102,Thane West,2.0,1,1,1,1,0.0,1,1,1,0,1,0,0,1,1,10800000
769,Wadala East Wadala,1.0,0,1,1,1,1.0,1,0,0,0,0,0,0,0,0,18000000
450,Mira Road East,1.0,0,0,1,1,1.0,1,1,0,0,1,0,0,0,1,4500000
275,Thane,1.0,0,1,1,1,1.0,1,0,1,0,0,0,0,0,0,8500000
2090,Thane West,3.0,1,1,1,1,0.0,1,1,1,0,1,1,1,1,1,24100000
448,Akurli Nagar,1.0,0,0,1,1,1.0,1,0,0,0,0,0,0,0,0,11399999
655,Mira Road East,1.0,0,1,1,1,0.0,1,1,1,1,1,0,0,1,1,6200000
936,Thane West,2.0,0,1,1,1,0.0,1,1,1,1,0,1,1,1,1,12000000
1327,Balkum,3.0,0,0,1,1,1.0,1,0,0,0,0,0,0,0,0,12200000
974,Goregaon East,2.0,0,1,1,0,0.0,1,1,1,1,1,0,0,1,1,6500000
1600,Kharghar,3.0,0,1,1,1,1.0,1,1,1,1,1,1,0,1,1,16000000
1450,Malad West,3.0,1,1,1,1,1.0,1,1,1,0,1,0,0,1,1,23700000
1240,Kharghar,2.0,0,1,1,1,1.0,1,1,1,1,1,1,0,1,1,10500000
1100,Nerul,2.0,0,0,1,1,0.0,1,0,0,0,0,0,1,0,0,13000000
802,Bhiwandi,2.0,1,1,1,1,1.0,1,1,1,1,1,1,0,1,1,6952000
700,Koper Khairane,1.0,0,1,1,1,1.0,1,0,1,0,0,0,0,0,0,8000000
1100,Thakur complex,2.0,0,0,1,1,1.0,1,0,0,0,0,0,0,0,0,17200000
470,Taloja,1.0,1,0,1,1,1.0,1,0,0,1,1,0,0,0,0,2200000
1215,Ulwe,2.0,0,1,0,1,1.0,1,0,0,0,0,0,0,0,1,6200000
1760,Kharghar,3.0,0,1,1,1,1.0,1,1,1,0,1,0,0,1,1,17500000
550,Shreyas Colony,1.0,0,0,1,1,1.0,1,0,0,0,0,0,0,0,0,11700000
1100,Andheri,2.0,0,1,1,1,1.0,1,0,1,0,1,0,0,0,1,18000000
1065,Thane,2.0,0,1,1,1,1.0,1,0,1,0,0,0,0,0,0,4500000
441,Jawahar Nagar,2.0,0,0,1,1,1.0,1,0,0,0,0,0,0,0,0,11500000
650,Nerul,1.0,0,0,0,1,0.0,1,0,0,0,1,0,0,0,0,6500000
1135,Ulwe,2.0,0,1,1,1,0.0,1,1,1,1,0,1,0,1,1,8500000
1095,Kharghar,2.0,0,1,1,1,1.0,1,1,1,1,1,1,0,0,1,10500000
1640,Sector 17 Ulwe,3.0,0,1,1,1,1.0,1,0,0,0,0,0,0,0,0,16299999
1050,Dattapada,2.0,0,0,1,1,1.0,1,0,0,0,0,0,0,0,0,15500000
940,Kamothe,2.0,0,1,1,1,1.0,1,0,1,0,0,0,0,0,0,7950000
510,Naigaon East,1.0,1,1,1,1,1.0,1,1,1,1,1,0,0,1,1,3200000
1098,Kharghar,2.0,0,1,1,1,1.0,1,0,1,1,1,0,0,1,1,10500000
1117,Sector 20 Kharghar,2.0,0,0,0,1,1.0,1,0,0,0,0,0,0,0,0,11100000
1150,Kharghar,2.0,0,1,1,1,1.0,1,1,1,1,1,0,0,1,1,8000000
1100,Rajendra Nagar,3.0,0,0,1,1,1.0,1,0,0,0,0,0,0,0,0,19100000
1311,Thane West,3.0,1,1,1,1,0.0,1,1,1,0,1,0,0,1,1,12900000
390,Andheri West,1.0,0,1,1,1,1.0,1,0,0,0,0,0,0,0,0,4500000
600,mumbai,1.0,0,1,1,1,1.0,1,0,1,0,0,0,0,0,0,2021000
695,Taloja,1.0,0,0,1,1,1.0,1,0,0,0,0,0,0,0,0,2900000
1098,Sector 19 Kharghar,2.0,0,0,0,1,1.0,1,0,0,0,0,0,0,0,0,10000000
695,Chembur,1.0,0,0,0,1,0.0,0,0,0,0,0,0,0,0,0,10200000
1500,worli sea face ,2.0,0,0,1,1,1.0,0,0,0,0,1,0,0,0,0,75000000
1100,kavesar,2.0,0,0,1,1,1.0,1,0,0,0,0,0,0,0,0,9300000
275,Thane,1.0,0,1,1,1,1.0,1,0,1,0,0,0,0,0,0,3000000
455,Kalyan West,1.0,0,0,1,1,1.0,0,0,0,0,1,0,0,0,0,4450000
590,Nala Sopara,1.0,1,1,1,1,0.0,1,0,1,0,0,0,0,1,1,2600000
630,Kalwa,1.0,0,1,1,1,1.0,1,0,1,0,0,0,0,0,0,5600000
750,Jogeshwari West,2.0,0,0,1,1,0.0,0,0,0,0,0,0,0,0,0,16500000
2453,Hanuman Chowk,4.0,0,0,0,0,0.0,0,0,0,0,0,0,0,0,0,80000000
711,Kalwa,2.0,0,0,0,1,1.0,1,0,0,0,0,0,0,0,0,9750000
1680,Kharghar,3.0,1,1,1,1,0.0,1,1,1,1,1,1,0,1,1,16000000
940,Mira Road and Beyond,2.0,0,1,0,1,1.0,1,0,0,0,0,0,0,0,0,6500000
1600,Santacruz West,4.0,0,1,1,1,0.0,1,0,0,0,1,0,1,0,0,65000000
829,Bhiwandi,2.0,1,1,1,1,1.0,1,1,1,1,1,1,0,1,1,6137000
600,Borivali East,1.0,0,1,1,1,0.0,1,0,1,0,0,0,1,1,1,11000000
625,Dronagiri,1.0,1,0,1,1,1.0,1,1,0,0,1,0,1,1,0,2400000
2893,Bandra West,4.0,1,0,1,1,1.0,1,1,1,1,1,1,1,1,1,120000000
1125,Sector 15 Kharghar,2.0,0,0,0,1,1.0,1,0,0,0,0,0,0,0,0,12700000
925,Sector 10,2.0,0,1,1,1,1.0,1,0,0,0,0,0,0,0,0,6400000
1672,Malad East,3.0,1,1,1,1,1.0,1,1,1,1,1,1,0,1,1,23800000
1060,Kharghar,2.0,0,1,1,1,1.0,1,0,1,1,1,0,0,1,1,9000000
560,Kharghar,1.0,0,1,1,1,1.0,1,1,1,0,1,0,0,1,1,5200000
635,Karanjade,1.0,1,0,1,1,1.0,1,0,0,1,1,1,1,1,0,3850000
1180,Mulund,2.0,0,0,0,0,1.0,1,1,0,0,0,0,1,1,1,18000000
1412,Mulund,3.0,0,1,1,1,0.0,0,0,1,1,1,1,1,0,0,21800000
600,Kalwa,1.0,0,1,1,1,1.0,1,0,1,0,0,0,0,0,0,5500000
980,Taloja,2.0,0,0,0,1,1.0,1,0,0,0,0,0,0,0,0,4500000
1005,Kamothe,2.0,0,1,1,1,1.0,1,0,1,0,0,0,0,0,0,6700000
1165,Kandivali East,3.0,0,1,1,1,0.0,1,0,1,1,0,0,1,1,1,18000000
1020,Borivali East,2.0,0,1,1,1,0.0,1,1,1,1,1,0,1,1,1,18500000
585,Magathane,1.0,0,0,0,1,1.0,1,0,0,0,0,0,0,0,0,9800000
1200,Chembur,2.0,1,1,1,1,0.0,1,1,1,0,1,1,0,1,1,21500000
1005,Thane West,2.0,0,1,1,1,1.0,1,1,1,1,1,1,0,1,1,9000000
852,Kharghar,2.0,0,1,1,1,1.0,1,0,1,1,0,0,0,1,1,8000000
384,Thane West,1.0,0,1,1,1,1.0,1,0,1,1,1,0,1,1,1,2600000
700,Kharghar,1.0,0,0,1,1,1.0,1,0,0,1,1,0,1,0,0,5100000
8511,Worli South Mumbai,5.0,0,0,1,1,1.0,0,0,0,0,1,0,0,0,0,420000000
816,Borivali West,2.0,1,0,1,1,0.0,0,0,0,0,0,0,0,0,0,13000000
2250,Kharghar,4.0,0,1,1,1,1.0,1,1,1,1,1,0,0,1,1,21000000
1100,Ulwe,2.0,0,1,0,1,1.0,1,0,0,0,0,0,0,0,1,9000000
1050,Kharghar,2.0,0,1,1,1,1.0,1,1,1,1,1,0,1,1,1,7200000
1100,Samata nagar,3.0,0,0,1,1,1.0,1,0,0,0,0,0,0,0,0,23500000
600,Sector 22 Kamothe,1.0,0,0,0,1,1.0,1,0,0,0,0,0,0,0,0,5000000
2150,Kalamboli,3.0,0,1,1,1,0.0,1,1,1,1,0,1,0,1,1,15000000
540,Ulwe,1.0,1,0,1,1,0.0,1,0,0,1,0,0,0,0,0,5800000
650,Kharghar,1.0,0,0,1,1,1.0,1,0,0,0,0,0,0,0,0,4500000
1655,Sector-18 Ulwe,3.0,0,0,1,1,1.0,1,0,0,0,0,0,0,0,0,14500000
1000,Kalwa,2.0,1,1,1,1,0.0,1,1,1,1,1,0,0,1,0,8500000
1415,Kharghar,3.0,0,1,1,1,0.0,1,0,0,0,0,0,0,0,1,13500000
972,Mira Road,2.0,1,1,1,1,0.0,1,1,1,1,1,1,1,1,1,8000000
1250,Malad East,2.0,1,1,0,0,0.0,0,1,1,0,0,0,0,1,1,20000000
980,Kamothe,2.0,0,1,1,1,0.0,1,0,0,0,0,0,0,0,0,6700000
550,Dombivali East,1.0,0,1,1,1,1.0,1,0,0,0,0,0,0,0,0,3700000
2150,Vasant Vihar,3.0,0,1,1,1,1.0,1,0,1,0,1,0,1,0,0,31000000
1000,ulhasnagar 4,2.0,0,0,0,0,0.0,0,0,0,0,0,0,0,0,0,2050000
